RiskPerformance,ExternalRiskEstimate,MSinceOldestTradeOpen,MSinceMostRecentTradeOpen,AverageMInFile,NumSatisfactoryTrades,NumTrades60Ever2DerogPubRec,NumTrades90Ever2DerogPubRec,PercentTradesNeverDelq,MSinceMostRecentDelq,MaxDelq2PublicRecLast12M,MaxDelqEver,NumTotalTrades,NumTradesOpeninLast12M,PercentInstallTrades,MSinceMostRecentInqexcl7days,NumInqLast6M,NumInqLast6Mexcl7days,NetFractionRevolvingBurden,NetFractionInstallBurden,NumRevolvingTradesWBalance,NumInstallTradesWBalance,NumBank2NatlTradesWHighUtilization,PercentTradesWBalance
Bad,71,68,4,33,10,0,0,100,-7,7,8,10,4,50,0,0,0,58,71,5,4,0,100
Good,73,85,6,40,17,1,0,94,11,3,5,18,2,28,10,0,0,10,-8,3,2,0,36
Bad,64,51,6,22,15,0,0,100,-7,5,8,24,3,25,0,0,0,61,84,10,3,1,100
Good,81,398,2,112,17,0,0,100,-7,7,8,18,2,33,0,0,0,47,60,5,2,1,64
Good,66,209,19,89,29,0,0,83,6,4,6,30,0,50,3,1,1,43,74,8,8,1,94
Good,69,189,7,84,34,2,1,94,0,0,2,36,1,8,0,1,1,11,-8,3,2,2,29
Good,81,253,13,114,15,0,0,87,9,4,6,15,0,0,0,1,1,8,-8,1,-8,0,17
Good,-9,-9,-9,-9,-9,-9,-9,-9,-9,-9,-9,-9,-9,-9,-9,-9,-9,-9,-9,-9,-9,-9,-9
Good,89,151,20,87,14,0,0,100,-7,7,8,14,0,50,-8,0,0,9,-8,1,2,0,60
Good,67,114,5,52,13,1,0,67,30,6,5,15,2,13,5,0,0,69,33,4,2,2,86
Bad,71,170,9,88,43,2,2,93,6,4,2,46,2,17,0,1,1,33,100,8,4,1,60
Good,79,177,4,89,21,0,0,100,-7,7,8,21,1,29,-7,0,0,67,-8,2,1,0,75
Good,77,194,17,75,18,1,1,95,29,6,2,19,0,53,0,2,2,4,47,1,2,0,60
Good,69,323,5,95,25,2,2,93,1,0,2,27,1,26,16,0,0,0,-8,2,1,0,36
Good,60,249,2,81,27,0,0,96,1,4,6,71,3,36,-7,3,3,59,21,3,5,2,53
Bad,84,131,4,57,9,0,0,100,-7,7,8,10,1,56,10,0,0,11,76,2,3,0,83
Bad,73,160,11,79,10,1,1,91,16,6,4,11,1,55,-7,1,1,16,-8,1,1,1,67
Good,91,175,6,127,16,0,0,100,-7,7,8,16,1,28,-8,0,0,3,-8,2,-8,0,29
Bad,83,129,5,48,4,0,0,100,-7,7,8,4,2,50,-7,1,1,30,-8,1,1,0,100
Bad,68,-8,8,45,28,0,0,93,24,6,6,32,3,13,4,1,1,26,83,8,2,2,63
Good,79,305,1,108,25,0,0,93,39,6,6,29,2,31,0,2,2,22,82,2,4,0,70
Bad,67,269,10,65,22,0,0,79,3,4,6,24,1,33,-7,0,0,21,70,4,3,0,58
Good,81,58,34,49,5,0,0,100,-7,7,8,5,0,80,-8,0,0,14,60,1,2,-8,100
Good,78,220,2,76,52,0,0,98,35,6,6,56,2,33,2,2,2,13,-8,5,4,0,69
Bad,63,170,11,75,14,1,1,87,8,2,4,15,1,13,0,2,2,56,-8,5,-8,2,70
Bad,65,146,7,58,29,1,1,97,-8,6,6,33,1,39,-7,5,5,7,88,1,2,0,33
Bad,65,174,9,71,22,0,0,74,4,4,6,45,1,39,12,0,0,28,99,7,6,1,76
Bad,60,155,15,53,16,1,1,81,5,4,6,16,0,44,5,0,0,79,-8,5,1,2,86
Bad,75,312,5,78,26,1,1,100,-7,7,8,26,4,31,-7,4,4,10,36,3,2,0,56
Bad,56,68,4,25,22,0,0,91,31,6,6,22,8,27,0,2,2,81,91,9,3,3,71
Good,72,320,4,71,28,0,0,96,40,6,6,20,6,25,5,3,3,13,68,7,3,1,85
Bad,67,427,17,105,35,0,0,94,4,4,6,37,0,51,17,0,0,45,47,5,6,2,85
Bad,57,-8,6,91,10,1,0,47,2,4,5,16,1,31,-7,0,0,91,29,4,1,2,86
Good,87,216,8,87,16,0,0,100,-7,7,8,16,1,19,2,1,1,2,-8,1,-8,0,25
Good,82,153,5,46,4,0,0,100,-7,7,8,4,2,50,0,0,0,16,-8,1,1,0,100
Good,81,204,7,64,13,0,0,93,59,6,6,14,3,14,5,0,0,11,-8,2,1,0,67
Good,62,21,12,17,4,0,0,100,-7,7,8,4,0,50,0,4,3,120,83,1,2,1,75
Bad,70,88,7,42,14,1,1,93,25,6,2,16,2,67,-7,2,2,38,63,2,5,-8,88
Good,68,184,2,69,7,0,0,58,1,4,6,12,2,67,6,0,0,4,57,2,5,0,78
Bad,65,138,7,36,5,1,1,100,-7,6,8,5,3,40,1,2,2,79,-8,3,2,2,100
Bad,73,215,7,88,38,1,1,92,23,6,6,40,1,38,19,0,0,1,78,4,2,1,50
Bad,73,28,4,18,4,0,0,100,-7,7,8,4,1,50,0,5,5,41,81,2,2,0,100
Bad,56,136,3,8,11,0,0,100,-7,7,8,29,9,18,0,13,13,27,90,5,2,0,64
Good,91,325,34,117,13,0,0,100,-7,7,8,13,0,8,24,0,0,3,-8,2,-8,0,25
Bad,68,161,8,50,4,0,0,100,-7,7,8,4,1,0,0,0,0,87,-8,4,-8,3,100
Bad,61,281,9,107,22,2,0,79,2,4,5,24,4,42,6,0,0,86,91,3,3,2,78
Good,88,292,14,105,20,0,0,100,-7,7,8,20,0,50,0,2,2,11,83,2,2,0,50
Bad,66,81,4,35,10,0,0,100,-7,7,8,10,3,60,0,1,1,79,94,4,2,2,100
Bad,62,192,5,38,22,0,0,100,-7,7,8,22,2,9,0,3,3,65,-8,15,-8,7,79
Good,81,158,4,87,34,0,0,100,-7,6,7,36,6,31,-7,5,5,19,93,7,3,0,63
Good,77,287,3,109,10,2,2,83,32,6,3,12,3,17,0,2,2,33,-8,2,1,1,43
Bad,58,315,10,78,10,0,0,64,3,4,6,15,1,64,2,3,3,78,77,2,2,1,100
Bad,64,212,2,61,33,1,0,87,11,4,5,39,7,49,-7,10,10,0,100,1,5,0,50
Good,80,141,9,57,33,0,0,100,-7,7,8,33,2,24,8,0,0,6,-8,1,1,1,43
Bad,66,145,8,81,13,1,1,71,15,6,2,14,1,36,0,1,0,0,64,0,3,-8,60
Bad,64,180,2,63,46,0,0,98,38,6,6,23,6,44,-7,2,2,77,93,8,5,6,81
Bad,70,233,6,69,31,0,0,97,6,4,6,33,1,33,0,0,0,35,68,6,3,1,59
Bad,64,178,8,108,33,0,0,85,1,4,6,33,2,36,0,4,4,48,78,5,3,3,62
Bad,69,124,5,51,29,0,0,100,-7,7,8,29,4,21,-7,1,1,51,76,7,3,1,77
Bad,73,201,16,108,13,0,0,93,12,6,6,14,0,21,0,0,0,47,77,6,2,1,89
Bad,58,264,13,78,24,0,0,92,1,4,6,25,0,28,0,5,4,70,23,13,2,5,94
Bad,61,395,30,103,8,0,0,73,2,4,6,11,0,18,-8,0,0,79,-8,5,-8,2,100
Good,91,17,58,177,10,0,0,100,-7,7,8,3,0,10,-7,0,0,2,-8,5,-8,0,71
Good,69,312,15,94,27,1,0,82,11,4,5,30,0,18,15,0,0,54,62,2,2,1,56
Bad,60,281,1,73,35,0,0,78,0,4,6,40,4,28,0,8,8,16,86,10,4,2,68
Good,71,417,17,123,28,1,0,72,9,4,5,25,0,23,-8,0,0,13,-8,12,1,0,81
Bad,71,60,9,29,12,1,1,92,44,6,6,12,2,75,0,2,1,0,59,0,2,-8,75
Bad,72,98,16,49,11,0,0,91,16,6,6,11,0,36,4,4,4,56,79,1,1,0,67
Bad,-9,-9,-9,-9,-9,-9,-9,-9,-9,-9,-9,-9,-9,-9,-9,-9,-9,-9,-9,-9,-9,-9,-9
Bad,58,263,16,88,21,2,0,69,1,4,5,55,0,19,2,1,1,20,51,6,1,1,57
Bad,62,199,2,65,18,0,0,85,22,6,6,20,3,40,-7,5,5,58,82,4,3,1,88
Bad,61,118,19,63,26,1,0,78,14,5,5,27,0,41,0,3,3,65,67,3,4,1,88
Good,72,330,4,104,33,0,0,97,23,6,6,32,5,21,-7,1,1,20,59,7,2,2,47
Bad,69,78,5,40,16,0,0,100,-7,7,8,16,1,25,0,2,2,69,-8,3,2,2,83
Good,87,283,8,108,21,0,0,100,-7,7,8,22,2,9,0,0,0,18,-8,4,-8,0,33
Bad,74,139,1,61,27,0,0,93,29,6,6,28,4,25,0,1,1,19,21,2,3,1,42
Good,80,162,9,82,22,0,0,100,-7,7,8,24,1,58,0,0,0,79,45,2,2,-8,80
Good,63,99,2,44,45,0,0,98,-7,5,7,48,6,48,-7,2,2,91,92,7,10,3,94
Bad,88,209,19,71,5,0,0,100,-7,7,8,5,0,40,0,0,0,0,72,0,1,-8,50
Good,82,429,10,115,30,0,0,97,19,6,6,30,1,13,11,0,0,10,51,11,2,0,65
Good,80,156,13,78,19,0,0,95,46,6,6,19,0,11,0,1,1,9,-8,3,1,1,29
Good,75,163,8,79,44,0,0,98,63,7,6,46,2,35,0,0,0,24,96,4,3,0,47
Good,72,198,10,50,10,1,1,91,64,6,2,11,1,18,2,3,3,47,-8,3,1,0,100
Bad,70,261,2,63,19,0,0,100,-7,7,8,21,1,25,-7,1,1,60,62,5,3,3,73
Good,69,252,3,90,44,1,0,91,7,4,5,46,4,20,4,1,1,23,100,11,2,1,78
Good,70,132,2,64,20,1,1,92,6,4,6,26,4,4,0,1,1,1,-8,1,-8,0,13
Good,73,103,20,70,6,0,0,71,48,6,6,7,0,29,-7,0,0,34,-8,1,-8,0,100
Bad,56,133,2,64,15,0,0,88,3,4,6,17,2,12,0,2,2,84,-8,10,1,4,92
Bad,56,140,9,69,16,1,1,94,1,4,6,18,1,47,0,0,0,66,66,3,2,2,71
Good,-9,-9,-9,-9,-9,-9,-9,-9,-9,-9,-9,-9,-9,-9,-9,-9,-9,-9,-9,-9,-9,-9,-9
Bad,76,194,19,132,15,1,1,94,30,6,2,16,0,31,0,4,4,0,47,1,2,0,45
Bad,65,79,1,50,28,0,0,100,-7,7,8,15,4,20,-7,1,1,87,97,9,2,7,79
Good,86,216,9,125,18,0,0,94,27,6,6,18,1,33,16,0,0,0,70,0,3,0,43
Good,86,186,0,102,12,0,0,100,-7,7,8,14,1,50,-8,0,0,37,-8,3,1,0,80
Bad,75,212,6,52,16,1,0,88,20,6,5,24,2,53,-7,2,2,16,44,2,2,-8,44
Bad,70,332,11,123,19,1,1,100,-7,6,8,20,1,25,-7,2,2,22,-8,2,2,1,55
Good,80,228,2,61,46,0,0,100,-7,7,8,49,7,29,0,1,1,9,-8,5,2,0,57
Good,81,202,5,106,37,0,0,95,40,6,6,44,1,46,1,1,1,0,92,2,2,0,36
Bad,61,255,15,125,17,3,2,71,12,5,2,22,0,32,-7,0,0,96,97,3,3,1,100
Good,72,-8,13,118,19,0,0,100,-7,7,8,20,0,35,-7,7,7,50,-8,5,-8,1,100
Good,75,356,15,122,20,1,0,82,8,6,5,22,0,18,18,0,0,23,-8,5,1,0,60
Good,63,307,2,85,35,0,0,95,22,6,6,38,3,24,0,3,3,38,-8,5,1,2,50
Good,83,-8,5,53,25,0,0,100,-7,7,8,26,2,4,-7,1,1,18,-8,5,1,0,55
Good,77,177,12,75,7,1,1,89,19,6,6,9,0,22,-7,2,2,1,-8,1,-8,0,25
Good,85,251,5,80,45,0,0,98,43,6,6,48,3,17,0,1,1,3,-8,2,1,0,20
Bad,55,85,19,59,6,4,3,33,7,0,2,9,0,44,19,0,0,29,-8,2,1,0,75
Good,79,116,2,38,14,0,0,100,-7,7,8,16,3,13,2,1,1,7,100,2,2,0,44
Bad,65,88,9,45,20,0,0,85,1,4,6,20,1,20,0,0,0,14,71,4,2,1,50
Bad,74,271,10,76,22,0,0,100,-7,7,8,24,1,46,0,0,0,70,43,8,4,3,100
Bad,57,173,3,48,25,1,1,96,1,2,4,26,4,23,0,2,2,4,36,5,4,0,60
Bad,57,154,6,68,24,2,1,71,8,4,4,28,3,14,0,1,1,38,30,6,1,0,42
Good,61,171,8,78,40,0,0,93,7,4,6,42,1,24,-8,0,0,49,68,7,3,2,67
Bad,60,178,5,53,23,0,0,75,10,4,6,24,6,29,4,2,2,35,75,3,3,1,55
Bad,77,301,4,149,13,0,0,92,9,4,6,42,2,31,-7,0,0,20,89,6,2,1,80
Bad,61,162,5,63,24,7,2,75,11,4,2,32,1,44,0,4,4,46,85,1,2,0,43
Bad,59,326,7,72,21,0,0,81,4,4,6,21,2,52,0,2,2,23,-8,5,1,1,67
Good,80,184,8,127,19,0,0,100,-7,7,8,20,1,50,20,0,0,44,36,2,2,1,80
Bad,71,367,7,145,38,0,0,95,59,6,6,41,1,29,1,4,4,21,97,13,2,1,73
Bad,78,82,5,54,33,0,0,100,-7,7,8,41,2,15,-7,3,3,21,11,9,3,2,50
Good,81,156,1,77,31,0,0,100,-7,7,8,37,2,39,0,4,4,13,-8,1,2,0,33
Good,69,222,12,103,31,1,0,94,79,6,5,33,0,33,6,1,0,32,68,13,3,2,84
Good,85,326,4,120,21,0,0,100,-7,7,8,44,1,26,4,3,3,5,39,2,2,0,31
Bad,56,305,4,97,8,2,1,73,1,4,4,11,1,36,0,5,5,15,96,5,4,1,100
Bad,72,26,2,13,12,0,0,100,-7,7,8,14,6,43,2,3,2,20,89,3,5,0,62
Bad,65,243,2,77,26,1,0,90,7,4,5,30,3,57,0,6,6,72,100,2,4,-8,86
Bad,70,127,5,53,26,0,0,100,-7,7,8,26,2,50,0,0,0,59,65,4,4,3,67
Good,81,162,23,89,26,0,0,100,-7,7,8,26,0,31,3,1,1,11,58,1,2,0,33
Good,86,158,3,71,29,0,0,100,-7,7,8,31,6,52,3,1,1,3,93,1,2,0,43
Good,87,270,26,83,28,0,0,100,-7,7,8,28,0,25,0,0,0,0,-8,1,-8,0,10
Good,69,256,4,69,57,1,1,95,31,6,3,63,4,44,0,5,5,58,82,14,9,5,77
Bad,70,139,17,58,19,0,0,100,-7,7,8,19,0,37,1,4,4,63,76,3,3,1,86
Bad,-9,-9,-9,-9,-9,-9,-9,-9,-9,-9,-9,-9,-9,-9,-9,-9,-9,-9,-9,-9,-9,-9,-9
Bad,88,419,11,101,21,0,0,100,-7,7,8,21,1,33,0,0,0,0,-8,0,1,0,25
Good,78,368,26,132,28,0,0,96,47,6,6,38,0,29,2,2,2,15,-8,1,2,0,30
Bad,64,142,1,34,12,2,2,85,35,6,2,21,6,33,0,2,2,24,67,5,3,0,67
Good,87,152,17,83,21,0,0,100,-7,7,8,21,0,62,16,0,0,4,78,2,2,0,67
Bad,66,-8,7,63,23,0,0,96,31,6,6,25,3,24,-7,0,0,73,47,8,3,4,85
Good,73,229,4,56,32,0,0,100,-7,7,8,33,5,63,5,1,1,18,69,3,12,1,83
Bad,62,88,1,35,20,0,0,95,-8,5,6,22,7,50,0,4,3,30,70,6,5,0,92
Bad,71,-8,70,93,5,1,1,100,-7,6,8,5,0,40,14,0,0,47,-8,1,-8,0,50
Bad,69,306,8,48,21,0,0,91,18,6,6,37,1,27,-7,1,1,38,77,5,3,2,50
Good,73,320,3,82,33,0,0,100,-7,7,8,23,8,21,3,3,2,26,91,4,4,1,45
Good,83,228,2,95,46,0,0,100,-7,7,8,51,3,33,1,1,1,26,100,2,1,1,27
Good,72,214,6,88,34,0,0,97,78,6,6,35,1,46,-7,3,3,59,31,5,4,2,90
Bad,54,424,0,147,7,4,2,73,19,6,2,12,3,27,0,4,4,61,91,6,2,1,89
Good,86,383,11,164,35,0,0,100,-7,7,8,21,1,9,10,0,0,0,30,8,2,0,48
Good,89,135,19,80,30,0,0,100,-7,7,8,30,0,17,0,0,0,0,-8,1,1,0,22
Bad,75,169,6,86,20,0,0,95,-8,6,6,41,2,57,6,0,0,57,71,3,2,2,83
Bad,74,129,6,64,18,1,1,100,-7,6,8,18,1,33,3,4,4,6,-8,5,-8,0,56
Bad,61,83,2,40,22,0,0,96,1,4,6,23,4,26,3,1,1,50,-8,7,2,1,69
Bad,67,-8,4,15,12,0,0,100,-7,7,8,13,6,23,-7,4,4,28,95,7,2,1,90
Good,71,235,4,71,32,1,1,94,83,5,2,33,6,27,0,0,0,49,92,9,3,1,80
Bad,80,164,25,104,20,0,0,100,-7,7,8,21,0,5,6,0,0,55,-8,4,1,0,50
Good,80,139,1,40,12,0,0,100,-7,7,8,14,4,36,2,5,5,19,97,5,2,0,88
Bad,54,225,0,79,44,3,2,75,3,3,2,63,6,25,1,5,5,18,77,10,4,0,80
Good,83,181,2,150,5,0,0,100,-7,7,8,10,1,17,-7,1,1,-8,99,1,1,-8,100
Bad,67,97,2,46,8,0,0,100,-7,7,8,9,1,33,0,1,1,66,48,5,2,1,88
Bad,74,247,9,107,46,0,0,100,-7,7,8,47,2,38,0,1,1,38,88,11,1,2,87
Good,76,219,26,75,17,0,0,100,-7,7,8,17,0,35,11,1,0,59,32,3,2,2,71
Bad,72,5,3,46,10,1,0,91,28,6,5,1,2,36,1,2,2,68,-8,1,1,1,50
Bad,66,340,11,117,36,0,0,100,-7,7,8,36,1,11,0,0,0,81,-8,20,1,11,75
Good,77,92,5,44,15,0,0,100,-7,7,8,15,3,40,2,3,3,40,53,2,4,0,67
Bad,82,147,6,35,6,0,0,100,-7,7,8,6,2,50,0,0,0,16,73,1,2,0,75
Bad,63,154,20,85,21,2,2,92,7,4,6,25,0,21,1,3,3,92,-8,3,1,1,100
Bad,63,37,8,21,9,0,0,100,-7,7,8,4,3,50,-7,1,1,81,47,5,7,2,92
Good,82,182,6,106,10,0,0,100,-7,7,8,10,1,30,0,0,0,65,-8,2,2,0,80
Good,72,113,13,62,37,0,0,100,-7,7,8,37,0,24,1,2,2,46,78,10,5,4,71
Good,65,256,40,190,23,1,1,85,5,4,4,27,0,52,5,0,0,75,27,4,3,1,88
Bad,66,160,3,71,17,0,0,83,15,6,6,18,1,44,0,1,1,32,70,3,3,1,86
Bad,79,41,1,15,6,0,0,100,-7,7,8,8,2,25,0,2,2,1,64,1,2,0,38
Bad,62,185,8,83,58,2,2,92,30,5,2,60,4,73,0,0,0,109,79,9,8,4,100
Good,79,306,2,89,19,0,0,95,15,6,6,21,2,24,1,1,1,12,-8,5,1,0,60
Bad,70,310,2,58,16,0,0,100,-7,7,8,17,5,12,0,4,4,62,-8,6,1,2,88
Bad,83,122,13,35,11,0,0,100,-7,7,8,11,0,36,0,0,0,2,-8,2,1,0,50
Bad,72,177,21,75,15,1,0,94,13,6,5,16,0,38,0,0,0,30,-8,5,1,1,86
Good,82,235,24,123,30,0,0,100,-7,6,7,32,0,38,-7,0,0,36,-8,3,1,0,100
Bad,79,209,5,77,28,0,0,100,-7,7,8,28,3,29,0,0,0,43,-8,4,2,2,55
Good,87,150,27,77,27,0,0,100,-7,7,8,27,0,30,2,1,1,4,3,4,2,0,55
Bad,60,134,9,48,12,0,0,92,23,6,6,15,1,57,0,1,1,97,57,4,5,3,90
Bad,66,54,6,28,10,1,1,100,-7,7,8,10,1,50,-7,2,2,74,57,3,2,1,83
Good,89,118,5,56,9,0,0,100,-7,7,8,9,1,22,6,0,0,0,-8,1,-8,0,17
Bad,61,132,1,71,12,2,0,81,71,6,5,16,3,31,0,5,5,86,-8,7,1,3,80
Good,74,183,4,84,21,1,1,86,3,6,4,24,1,32,2,1,1,15,-8,2,-8,0,25
Bad,64,128,16,75,18,1,1,95,39,6,6,20,0,16,0,0,0,46,-8,7,-8,1,88
Bad,54,206,7,75,8,1,0,64,6,4,5,11,1,64,0,0,0,92,-8,2,1,-8,75
Bad,64,323,7,106,21,5,4,77,11,0,5,23,2,9,14,0,0,27,71,5,2,1,50
Good,74,390,1,98,37,0,0,100,-7,7,8,38,5,24,0,4,3,22,64,4,1,1,33
Good,72,254,24,106,23,1,0,92,14,6,5,15,0,42,0,7,7,45,15,2,4,0,60
Bad,75,129,1,48,22,0,0,100,-7,7,8,23,5,61,9,0,0,46,95,2,6,0,80
Bad,62,433,1,79,31,3,3,92,24,5,2,39,7,85,0,2,2,13,97,1,4,-8,100
Bad,84,130,11,61,14,0,0,100,-7,7,8,14,2,43,0,1,1,0,61,2,2,0,67
Good,82,197,75,173,12,1,0,93,48,6,5,14,0,7,-7,1,1,1,-8,6,-8,0,67
Bad,55,110,20,63,9,2,0,62,11,4,5,13,0,46,0,1,1,92,89,3,2,1,100
Good,71,314,9,116,63,1,1,84,4,4,3,64,2,9,0,2,2,5,91,7,2,0,37
Good,67,220,7,61,30,0,0,97,32,6,6,30,5,53,1,4,4,50,70,6,9,2,88
Bad,-9,-9,-9,-9,-9,-9,-9,-9,-9,-9,-9,-9,-9,-9,-9,-9,-9,-9,-9,-9,-9,-9,-9
Bad,67,250,6,103,26,0,0,88,1,4,6,26,1,35,0,0,0,79,60,4,2,2,75
Bad,58,334,4,99,34,0,0,68,13,6,6,37,2,54,2,4,4,68,32,3,4,1,58
Good,81,255,1,75,28,0,0,100,-7,7,8,30,2,27,0,1,1,17,67,5,2,0,44
Good,75,422,1,91,55,0,0,100,-7,7,8,57,4,33,0,4,4,2,11,12,2,1,57
Bad,54,184,3,101,42,0,0,88,4,4,6,43,4,51,0,1,1,64,83,8,3,3,93
Good,73,134,11,54,23,0,0,100,-7,7,8,24,1,46,2,1,1,47,58,4,4,1,67
Good,79,138,4,56,26,0,0,100,-7,7,8,27,3,19,-7,0,0,12,-8,4,2,0,70
Bad,65,187,6,86,31,0,0,94,17,6,6,32,1,34,0,1,1,58,77,10,4,4,93
Bad,-9,-9,-9,-9,-9,-9,-9,-9,-9,-9,-9,-9,-9,-9,-9,-9,-9,-9,-9,-9,-9,-9,-9
Bad,77,199,2,60,24,0,0,100,-7,7,8,29,3,21,0,0,0,66,41,5,3,2,67
Good,84,196,10,82,12,0,0,100,-7,7,8,25,1,17,0,2,2,29,54,5,2,0,64
Good,65,338,7,55,24,0,0,83,9,4,6,24,2,33,0,2,2,13,78,2,2,0,31
Bad,76,293,4,74,33,0,0,100,-7,7,8,34,1,38,0,2,2,37,-8,13,1,0,88
Good,83,202,10,98,22,3,1,88,34,6,4,25,2,24,1,1,1,6,83,4,2,0,50
Good,88,448,6,156,23,0,0,100,-7,7,8,29,1,22,-8,0,0,6,4,5,2,0,50
Bad,63,204,1,71,48,0,0,98,28,6,6,30,5,47,1,1,1,51,90,5,11,2,70
Bad,73,181,8,71,25,0,0,100,-7,7,8,25,4,56,0,0,0,45,76,6,6,1,86
Bad,62,191,8,92,30,0,0,85,1,4,6,28,3,62,9,0,0,53,61,4,8,3,87
Bad,81,178,2,52,13,0,0,100,-7,7,8,15,1,33,0,3,3,7,75,3,1,0,57
Good,88,19,24,162,17,0,0,100,-7,7,8,5,0,18,-8,1,1,17,-8,4,1,0,45
Good,88,188,13,82,20,0,0,100,-7,7,8,20,0,40,0,0,0,17,82,2,2,0,50
Bad,57,164,5,74,30,1,1,90,7,0,6,35,1,57,0,5,4,64,75,6,4,2,92
Bad,56,95,2,24,15,0,0,100,-7,7,8,19,4,44,4,1,1,73,87,5,6,2,85
Bad,63,148,2,56,31,1,1,97,67,6,2,38,5,45,0,3,3,82,-8,9,2,6,92
Good,77,216,4,91,39,0,0,100,-7,7,8,41,3,29,0,3,3,46,83,8,5,0,68
Good,79,214,4,85,37,0,0,97,8,4,6,15,2,27,4,2,2,6,78,3,3,0,38
Bad,-9,-9,-9,-9,-9,-9,-9,-9,-9,-9,-9,-9,-9,-9,-9,-9,-9,-9,-9,-9,-9,-9,-9
Good,74,107,4,59,22,1,1,96,71,6,2,23,1,17,3,1,1,23,26,2,2,1,44
Bad,68,144,2,41,19,0,0,100,-7,7,8,21,4,24,0,1,1,63,78,10,3,3,93
Bad,86,70,9,39,10,0,0,100,-7,7,8,10,1,10,0,0,0,0,-8,1,1,0,22
Bad,78,246,17,109,15,0,0,100,-7,7,8,15,0,40,0,0,0,71,-8,2,1,2,43
Good,72,271,3,58,39,1,0,98,8,4,5,43,2,40,0,6,6,12,92,4,3,0,64
Bad,67,233,12,66,13,1,0,87,10,4,5,15,0,67,0,1,1,33,81,3,2,1,83
Bad,58,205,8,15,4,0,0,100,-7,7,8,16,3,25,-7,3,3,91,-8,3,1,1,100
Bad,68,125,9,95,14,3,3,94,58,0,2,16,1,50,7,0,0,14,97,2,2,0,57
Good,78,202,2,70,15,0,0,94,-8,6,6,17,4,18,1,1,1,10,-8,4,1,0,38
Bad,74,264,11,64,28,0,0,96,29,6,6,58,1,29,-7,5,5,37,-8,5,2,1,44
Good,76,186,1,83,21,0,0,96,11,4,6,25,4,28,-7,2,2,12,-8,3,-8,0,44
Good,75,289,3,83,39,1,1,95,33,6,2,42,2,33,3,1,1,21,-8,3,1,1,50
Bad,68,69,8,42,10,0,0,90,-7,5,7,10,1,40,0,3,2,79,72,3,2,1,100
Good,80,49,7,27,7,0,0,100,-7,7,8,7,1,71,1,1,1,0,82,0,1,0,33
Bad,77,516,14,110,10,0,0,90,14,6,6,10,0,30,0,1,1,55,79,3,2,1,86
Bad,64,237,13,88,7,3,3,70,18,6,3,10,0,70,-7,0,0,34,88,1,1,0,67
Bad,58,67,2,28,14,0,0,100,-7,7,8,15,3,7,1,2,2,69,-8,9,1,2,83
Bad,67,190,17,83,29,1,0,93,74,6,5,28,0,27,17,0,0,72,-8,7,1,3,67
Good,67,208,1,74,43,0,0,98,12,6,6,33,3,27,3,3,3,36,88,8,4,2,57
Bad,66,502,4,145,34,0,0,97,36,6,6,37,4,27,4,3,3,80,53,17,3,12,83
Bad,76,66,2,31,5,0,0,100,-7,7,8,7,3,0,0,1,1,47,-8,3,-8,2,100
Bad,72,254,11,68,18,0,0,95,1,4,6,24,1,16,4,1,1,3,19,4,3,0,58
Bad,60,205,4,74,32,0,0,88,4,4,6,34,5,59,-7,4,4,32,62,4,3,0,80
Bad,-9,-9,-9,-9,-9,-9,-9,-9,-9,-9,-9,-9,-9,-9,-9,-9,-9,-9,-9,-9,-9,-9,-9
Bad,90,406,1,146,10,0,0,100,-7,7,8,11,1,36,-7,0,0,0,-8,2,1,-8,60
Good,75,224,19,97,21,0,0,100,-7,7,8,21,0,33,-7,0,0,57,49,2,2,2,36
Bad,54,94,1,44,16,0,0,88,1,4,6,17,4,29,0,1,1,58,94,4,2,3,75
Bad,54,336,13,93,17,1,1,89,4,2,4,18,0,33,0,4,4,65,53,4,2,2,75
Bad,71,158,1,71,29,0,0,100,-7,7,8,30,6,30,0,2,2,39,94,5,3,2,67
Good,64,228,5,84,60,0,0,95,23,6,6,60,4,38,0,0,0,35,-8,10,2,3,68
Bad,57,68,4,37,15,0,0,81,31,6,6,16,3,50,0,1,1,98,85,4,4,1,80
Bad,67,93,2,36,19,2,2,100,-7,7,8,21,4,80,-7,4,3,24,75,2,5,0,88
Bad,64,153,5,44,20,2,2,100,-7,7,8,22,3,25,0,1,1,37,98,8,1,3,82
Bad,77,221,0,64,31,0,0,94,14,6,6,36,4,51,-7,1,0,9,88,3,6,0,45
Bad,57,130,6,38,15,0,0,80,1,4,6,15,1,27,13,0,0,84,71,6,3,4,82
Bad,72,444,12,78,18,0,0,100,-7,7,8,16,0,22,-8,0,0,74,-8,5,-8,4,63
Bad,80,271,9,62,12,0,0,92,9,4,6,12,1,33,-7,0,0,29,50,1,2,0,60
Good,85,176,3,95,12,0,0,100,-7,7,8,14,1,21,0,0,0,26,-8,3,-8,0,100
Good,91,240,22,118,8,0,0,100,-7,7,8,8,0,0,0,0,0,5,-8,3,-8,0,50
Good,76,-8,2,17,7,0,0,100,-7,7,8,0,1,33,2,2,2,9,73,3,2,0,63
Bad,66,123,5,51,38,0,0,97,9,4,6,26,1,26,0,4,3,38,61,5,3,1,53
Bad,83,195,4,94,18,0,0,100,-7,7,8,18,2,28,4,1,1,25,56,2,2,0,44
Good,71,167,31,84,21,0,0,96,37,6,6,23,0,13,-7,0,0,55,-8,5,1,3,60
Bad,76,108,14,58,18,1,0,95,62,6,5,19,0,42,0,0,0,20,-8,4,2,1,86
Good,84,172,3,33,17,0,0,100,-7,7,8,13,3,35,16,0,0,6,100,1,2,0,38
Bad,75,169,2,59,21,0,0,100,-7,7,8,22,4,36,-7,4,4,43,112,4,6,0,83
Good,74,332,15,113,19,0,0,95,32,6,6,20,0,35,21,0,0,58,65,5,3,1,57
Bad,54,232,2,91,19,0,0,70,2,4,6,23,3,48,0,1,1,97,36,6,3,0,90
Good,77,155,20,94,13,0,0,100,-7,7,8,15,0,53,0,0,0,42,55,3,1,0,50
Bad,60,37,9,22,11,0,0,100,-7,7,8,11,1,55,-7,8,8,112,61,3,1,0,100
Good,91,262,19,101,9,0,0,100,-7,7,8,9,0,0,19,0,0,8,-8,2,-8,0,50
Bad,66,79,3,31,19,0,0,100,-7,7,8,20,1,45,0,5,5,81,68,6,4,1,100
Bad,51,169,5,70,19,0,0,62,2,4,6,21,1,33,0,0,0,87,48,5,2,4,64
Bad,69,165,4,62,12,0,0,92,75,6,6,12,2,58,0,1,1,97,71,4,1,3,100
Good,75,-8,4,49,17,0,0,100,-7,7,8,19,2,26,-7,1,1,100,57,1,2,1,50
Good,90,162,12,99,19,0,0,100,-7,7,8,21,0,52,-8,0,0,3,-8,3,1,0,67
Bad,59,136,6,42,18,0,0,89,17,6,6,18,4,28,0,1,1,44,99,5,2,3,50
Good,64,230,11,108,35,0,0,92,4,4,6,39,1,47,2,1,1,56,40,7,8,2,83
Bad,-9,-9,-9,-9,-9,-9,-9,-9,-9,-9,-9,-9,-9,-9,-9,-9,-9,-9,-9,-9,-9,-9,-9
Good,80,88,8,48,16,0,0,100,-7,7,8,16,2,25,-7,0,0,3,-8,2,1,0,38
Good,91,270,23,132,16,0,0,100,-7,7,8,16,0,13,-8,0,0,6,-8,3,1,0,50
Good,91,278,29,123,17,0,0,100,-7,7,8,19,0,32,-8,0,0,1,-8,4,1,0,63
Good,65,155,1,89,6,1,0,78,8,4,5,9,1,33,0,4,4,50,74,1,3,0,67
Bad,69,160,5,109,11,1,1,92,20,6,3,13,1,31,-7,0,0,94,-8,3,2,3,100
Bad,87,115,11,59,9,0,0,100,-7,7,8,9,2,78,-7,1,1,0,-8,0,2,0,50
Good,88,441,18,113,17,0,0,100,-7,7,8,19,0,17,22,0,0,0,-8,1,2,0,43
Bad,67,235,5,39,11,0,0,91,6,4,6,30,3,27,-7,1,1,47,78,3,2,0,71
Good,64,-8,2,40,27,0,0,100,-7,7,8,30,6,7,-7,5,5,32,-8,7,1,3,47
Bad,70,45,3,27,3,0,0,100,-7,7,8,4,1,67,0,1,1,55,45,1,1,0,100
Good,73,255,12,40,10,0,0,100,-7,7,8,35,0,30,-7,3,3,62,73,3,2,2,83
Good,82,258,8,118,22,1,0,91,78,6,5,23,2,43,-7,0,0,39,66,2,2,0,57
Bad,72,293,13,138,4,2,1,83,32,6,5,6,0,50,0,1,1,0,-8,0,1,-8,50
Good,64,169,2,76,64,0,0,98,-8,6,6,66,4,21,0,1,1,53,-8,15,2,4,62
Good,81,419,11,240,13,0,0,100,-7,7,8,13,1,8,11,0,0,55,-8,3,-8,1,50
Bad,68,514,14,104,14,0,0,94,10,4,6,16,0,50,0,0,0,42,-8,4,-8,0,80
Bad,80,93,5,45,6,0,0,100,-7,7,8,6,2,50,-7,9,7,7,83,1,1,0,67
Good,65,192,6,79,22,3,2,78,44,6,2,27,3,26,8,1,0,59,80,7,2,2,90
Bad,70,241,2,104,23,1,0,70,26,6,5,27,1,52,0,1,1,43,53,5,2,0,89
Bad,59,163,18,80,5,1,1,83,-8,6,6,6,0,83,6,0,0,101,42,1,2,1,100
Good,92,206,8,122,11,0,0,100,-7,7,8,20,1,15,1,1,1,1,-8,2,1,0,60
Bad,61,159,2,80,27,3,2,74,5,4,2,32,2,10,-7,1,1,21,-8,5,1,2,50
Good,60,12,2,7,1,1,1,100,-7,7,8,3,1,50,0,3,3,18,-8,1,-8,-8,100
Good,84,311,10,85,26,0,0,100,-7,7,8,26,1,31,0,0,0,8,23,3,2,0,36
Good,74,205,24,102,24,1,1,88,5,4,4,41,0,15,-7,1,1,6,58,2,3,0,63
Bad,70,291,8,88,14,0,0,100,-7,7,8,8,1,29,-7,0,0,100,67,5,2,4,100
Bad,66,389,39,114,19,1,0,78,17,6,5,23,0,35,0,6,6,62,-8,3,2,2,63
Bad,58,163,2,67,23,1,0,81,3,4,5,27,4,52,0,5,5,40,79,7,5,1,93
Bad,59,185,7,76,21,0,0,83,11,4,6,24,2,63,0,3,3,59,64,2,6,2,73
Good,77,118,5,58,36,0,0,97,56,6,6,38,2,11,5,0,0,6,42,1,2,0,27
Good,76,348,7,119,29,0,0,100,-7,7,8,29,1,28,0,0,0,33,89,10,2,1,65
Good,58,71,2,31,20,0,0,91,8,4,6,22,6,41,0,0,0,35,81,2,3,1,56
Good,85,214,5,79,28,0,0,97,39,6,6,33,1,33,14,0,0,7,-8,3,2,0,50
Good,80,263,14,84,23,0,0,96,-8,6,6,23,0,52,0,0,0,8,33,4,3,0,70
Good,-9,-9,-9,-9,-9,-9,-9,-9,-9,-9,-9,-9,-9,-9,-9,-9,-9,-9,-9,-9,-9,-9,-9
Bad,75,160,2,82,46,0,0,100,-7,7,8,48,2,17,0,3,3,19,-8,10,3,1,41
Bad,80,94,3,49,27,0,0,100,-7,7,8,28,1,14,0,2,2,21,-8,4,1,0,45
Bad,58,183,2,47,29,0,0,93,25,6,6,24,4,40,-7,0,0,53,77,8,5,3,72
Bad,63,257,12,84,31,0,0,97,14,6,6,61,0,29,0,4,4,70,73,10,3,5,70
Bad,62,343,3,154,16,9,4,60,28,6,2,25,2,20,0,3,3,59,-8,4,2,1,67
Good,60,273,3,126,32,4,4,89,2,4,6,35,3,11,0,0,0,37,74,16,2,0,95
Good,71,155,1,71,24,0,0,100,-7,7,8,25,3,32,3,3,3,54,-8,3,1,1,100
Bad,65,249,2,70,32,1,1,94,14,6,6,33,2,18,-7,2,2,48,-8,8,1,1,45
Bad,63,378,10,84,36,1,1,89,10,4,4,37,2,54,0,2,2,60,67,4,6,3,77
Bad,70,211,25,107,14,0,0,86,3,4,6,14,0,29,0,0,0,13,58,3,2,0,56
Bad,42,179,1,72,50,9,6,69,0,0,2,62,5,53,-7,2,2,92,94,4,5,4,100
Bad,74,66,6,36,10,0,0,100,-7,7,8,10,1,40,0,3,0,41,94,2,1,1,75
Good,73,138,5,76,5,1,1,75,25,6,4,8,1,63,0,2,2,0,92,0,2,-8,67
Good,77,170,10,84,25,0,0,100,-7,7,8,26,1,12,-7,2,2,58,46,3,1,2,50
Bad,84,380,10,100,15,0,0,100,-7,7,8,51,1,27,5,0,0,0,87,1,2,0,33
Good,90,180,3,87,18,0,0,100,-7,7,8,5,1,28,18,0,0,0,72,0,1,-8,13
Good,73,209,11,84,22,1,0,87,29,6,5,23,1,43,0,1,1,6,84,2,2,1,31
Good,77,195,22,87,24,0,0,100,-7,7,8,46,0,13,4,1,1,49,-8,6,1,1,58
Bad,73,41,10,23,7,0,0,100,-7,7,8,7,3,29,0,5,5,17,-8,1,1,1,33
Good,91,283,9,140,7,0,0,100,-7,7,8,7,1,29,-8,0,0,11,-8,2,1,0,60
Good,66,130,8,49,15,1,1,88,33,6,2,16,1,81,0,0,0,78,83,1,5,-8,100
Good,66,305,36,134,26,1,0,90,8,4,5,29,0,28,5,0,0,46,-8,6,2,3,62
Bad,79,317,16,144,21,0,0,86,29,6,6,17,0,14,-7,2,2,19,-8,5,-8,1,38
Bad,72,103,9,58,16,2,0,89,59,6,5,19,1,6,1,1,1,14,-8,2,-8,1,18
Bad,66,195,13,67,19,0,0,95,0,4,6,20,0,42,3,1,1,23,83,3,3,0,88
Bad,58,108,4,49,11,2,1,57,6,4,2,14,3,71,0,4,3,0,74,1,4,-8,83
Good,54,189,6,85,7,1,0,50,3,3,5,10,1,40,0,0,0,81,-8,4,1,1,100
Good,84,264,2,87,19,0,0,100,-7,7,8,20,2,35,0,3,3,14,94,2,2,1,36
Bad,57,140,13,67,8,4,4,80,26,6,4,10,0,50,3,1,1,93,71,1,2,1,100
Bad,58,107,22,55,17,1,0,89,1,3,5,18,0,22,1,2,2,6,-8,5,1,0,60
Good,89,190,17,88,21,0,0,100,-7,7,8,21,0,19,0,1,1,14,-8,3,1,0,50
Good,65,228,7,89,12,2,2,93,80,6,3,15,2,57,0,1,1,92,-8,1,1,1,100
Bad,91,291,7,88,26,0,0,100,-7,7,8,26,2,35,7,0,0,0,-8,3,-8,0,23
Good,85,-8,1,97,32,0,0,100,-7,7,8,0,2,9,1,1,1,22,-8,4,-8,0,100
Bad,68,221,7,89,19,4,0,83,53,6,5,23,1,39,0,0,0,70,100,2,2,2,40
Bad,66,172,10,90,44,0,0,100,-7,7,8,48,1,38,-7,2,1,65,85,12,2,8,82
Bad,74,183,6,76,19,0,0,100,-7,7,8,19,2,26,0,0,0,44,15,4,2,2,75
Bad,62,295,21,124,10,2,2,64,16,6,2,14,0,36,20,0,0,38,30,3,3,0,86
Bad,60,159,6,69,15,0,0,73,2,4,6,22,1,33,13,0,0,62,42,4,3,2,88
Good,77,426,9,124,19,0,0,95,18,6,6,14,1,50,-7,0,0,46,-8,3,1,1,57
Bad,69,59,10,43,10,2,2,75,32,6,3,12,1,50,0,0,0,18,81,1,2,0,75
Bad,59,246,2,81,34,0,0,94,3,4,6,41,3,46,8,0,0,56,85,7,3,3,67
Bad,84,239,6,63,25,0,0,100,-7,7,8,27,4,37,0,5,5,7,-8,2,-8,0,20
Good,66,177,5,67,22,1,1,100,-7,7,8,23,3,32,0,1,1,66,85,5,2,2,80
Good,82,401,10,161,13,0,0,93,3,4,6,14,3,14,-8,0,0,5,-8,2,-8,0,40
Bad,-9,-9,-9,-9,-9,-9,-9,-9,-9,-9,-9,-9,-9,-9,-9,-9,-9,-9,-9,-9,-9,-9,-9
Bad,-9,-9,-9,-9,-9,-9,-9,-9,-9,-9,-9,-9,-9,-9,-9,-9,-9,-9,-9,-9,-9,-9,-9
Good,68,196,9,79,26,0,0,93,2,4,6,29,1,41,8,0,0,30,50,4,4,1,80
Bad,77,433,2,22,7,0,0,100,-7,7,8,24,3,25,1,2,2,17,100,1,2,0,60
Bad,74,167,4,63,17,0,0,94,31,6,6,17,2,41,0,2,2,38,91,4,3,2,78
Good,63,260,2,91,19,1,1,100,-7,0,8,23,4,30,-7,2,2,31,100,3,2,0,75
Bad,83,192,63,148,7,0,0,100,-7,7,8,7,0,71,0,1,1,-8,-8,-8,1,-8,100
Good,66,52,7,7,1,0,0,100,-7,7,8,2,1,0,-7,3,3,48,-8,1,-8,-8,100
Good,75,360,4,68,42,0,0,100,-7,7,8,22,3,14,0,1,1,11,79,10,2,0,48
Good,83,229,3,71,14,0,0,100,-7,7,8,14,2,43,0,3,3,0,95,1,4,0,71
Good,80,223,5,96,25,0,0,100,-7,7,8,25,4,36,0,1,1,18,83,5,3,1,53
Good,87,206,32,87,23,0,0,100,-7,7,8,23,0,30,0,3,3,6,-8,1,-8,0,13
Bad,76,114,7,51,23,0,0,100,-7,7,8,23,6,35,0,0,0,1,90,1,3,0,50
Bad,81,76,10,49,12,0,0,100,-7,7,8,12,1,17,-8,0,0,27,-8,2,1,0,44
Bad,65,153,4,81,17,0,0,89,29,6,6,19,3,53,1,1,1,60,-8,4,2,0,86
Good,89,148,15,79,11,0,0,100,-7,7,8,12,0,33,0,0,0,2,-8,3,1,0,80
Bad,69,153,32,85,3,0,0,100,-7,7,8,3,0,100,-7,2,1,-8,10,-8,1,-8,100
Bad,58,195,2,57,26,0,0,100,-7,7,8,27,4,33,-7,4,4,72,100,9,2,3,92
Bad,-9,-9,-9,-9,-9,-9,-9,-9,-9,-9,-9,-9,-9,-9,-9,-9,-9,-9,-9,-9,-9,-9,-9
Good,82,350,10,100,30,0,0,100,-7,7,8,31,1,52,3,1,1,4,58,4,3,0,100
Bad,54,207,3,69,34,1,0,75,1,3,5,38,6,25,2,2,2,17,80,8,5,1,68
Bad,64,150,2,45,12,1,1,86,3,0,2,14,4,21,0,2,2,9,-8,4,1,-8,56
Bad,79,275,7,102,38,0,0,95,22,6,6,38,2,16,0,2,2,2,-8,6,2,0,40
Bad,82,220,5,59,26,0,0,100,-7,7,8,27,3,22,0,2,2,24,-8,4,1,1,63
Good,66,203,2,64,21,1,0,83,4,4,5,23,2,26,2,1,1,14,-8,3,2,0,38
Bad,72,118,4,55,14,0,0,100,-7,7,8,14,2,36,-7,1,1,76,-8,6,-8,3,75
Bad,67,68,3,21,8,0,0,100,-7,7,8,8,3,13,0,1,1,57,-8,3,1,0,67
Good,75,144,7,56,26,0,0,100,-7,7,8,27,2,42,1,1,1,32,62,3,4,1,67
Bad,63,175,7,62,13,1,1,71,16,6,6,14,2,64,0,6,6,50,100,5,3,0,100
Bad,68,178,3,85,21,0,0,100,-7,7,8,22,3,43,2,7,7,66,3,3,3,1,100
Good,90,179,13,86,12,0,0,100,-7,7,8,12,0,25,0,4,4,0,-8,2,1,0,50
Good,74,254,11,85,10,0,0,100,-7,7,8,10,1,50,4,1,1,93,38,2,3,2,100
Bad,69,39,4,23,7,1,0,88,14,6,5,8,2,13,0,8,8,19,-8,3,-8,0,50
Bad,65,180,2,81,7,2,0,73,15,6,5,11,2,18,0,0,0,81,-8,2,1,1,100
Bad,72,185,3,75,24,0,0,96,52,6,6,26,2,38,0,2,2,43,88,5,2,2,70
Good,81,194,11,91,17,0,0,100,-7,7,8,17,1,41,3,2,2,79,50,1,1,1,100
Good,77,188,3,64,27,0,0,100,-7,7,8,27,2,15,-7,1,1,22,62,2,3,0,45
Good,74,222,3,102,24,1,1,96,50,6,2,27,2,37,0,2,2,3,-8,3,-8,0,27
Good,77,409,15,137,33,0,0,100,-7,6,8,34,0,26,0,0,0,18,68,8,2,0,65
Bad,66,92,2,59,4,2,2,83,25,6,6,6,1,83,-7,1,1,-8,-8,1,1,-8,100
Bad,72,221,3,76,13,0,0,100,-7,7,8,13,4,54,0,3,3,75,96,5,4,2,100
Good,65,145,1,51,7,3,2,80,58,6,2,15,2,50,-7,1,1,43,61,3,2,0,100
Bad,-9,-9,-9,-9,-9,-9,-9,-9,-9,-9,-9,-9,-9,-9,-9,-9,-9,-9,-9,-9,-9,-9,-9
Good,87,254,31,106,14,0,0,100,-7,7,8,14,0,43,0,2,2,5,-8,2,2,0,44
Good,87,255,10,111,32,0,0,100,-7,7,8,32,2,13,3,1,1,2,-8,1,3,0,27
Bad,76,87,2,34,30,0,0,100,-7,7,8,35,6,34,0,16,16,4,60,9,1,0,65
Good,80,173,8,62,17,0,0,100,-7,7,8,18,2,67,0,1,1,21,93,3,3,0,100
Bad,73,124,5,41,8,0,0,100,-7,7,8,8,2,50,-7,0,0,84,76,2,3,2,83
Bad,61,254,14,112,13,0,0,94,7,4,6,16,0,44,-7,4,3,63,77,5,5,3,91
Bad,73,374,8,85,27,0,0,96,16,6,6,27,1,26,0,1,1,38,11,4,3,2,70
Good,88,185,19,92,28,0,0,100,-7,7,8,28,0,50,16,0,0,8,62,2,3,0,63
Bad,61,43,3,23,25,0,0,100,-7,7,8,25,6,0,0,6,3,44,-8,12,-8,3,52
Bad,64,330,10,112,8,1,0,67,6,4,5,9,1,33,0,0,0,84,89,4,2,2,75
Bad,55,234,13,83,20,1,0,70,1,3,5,24,0,22,4,3,3,46,24,8,3,2,72
Bad,68,164,3,59,40,1,1,93,17,6,4,43,5,47,0,1,1,24,78,7,12,1,76
Good,84,206,4,80,19,0,0,100,-7,7,8,19,3,16,0,1,1,1,-8,2,1,0,43
Good,-9,-9,-9,-9,-9,-9,-9,-9,-9,-9,-9,-9,-9,-9,-9,-9,-9,-9,-9,-9,-9,-9,-9
Bad,-9,-9,-9,-9,-9,-9,-9,-9,-9,-9,-9,-9,-9,-9,-9,-9,-9,-9,-9,-9,-9,-9,-9
Good,66,167,24,66,20,0,0,90,4,4,6,22,0,76,-7,0,0,25,36,1,2,0,50
Good,86,181,3,89,11,0,0,100,-7,7,8,11,1,9,1,2,2,5,-8,2,-8,0,50
Good,-9,-9,-9,-9,-9,-9,-9,-9,-9,-9,-9,-9,-9,-9,-9,-9,-9,-9,-9,-9,-9,-9,-9
Good,-9,-9,-9,-9,-9,-9,-9,-9,-9,-9,-9,-9,-9,-9,-9,-9,-9,-9,-9,-9,-9,-9,-9
Good,87,254,21,92,26,0,0,100,-7,7,8,26,0,23,0,1,1,0,-8,2,2,0,40
Bad,63,153,6,68,37,1,1,91,25,6,6,45,1,89,0,0,0,82,74,3,5,0,100
Bad,76,134,11,67,28,0,0,100,-7,7,8,28,1,21,-7,0,0,62,14,3,2,1,83
Bad,68,368,4,111,47,0,0,100,-7,7,8,49,2,27,0,1,1,78,61,21,2,9,80
Bad,67,278,22,87,4,0,0,33,1,4,6,6,0,33,0,1,0,34,17,2,2,0,67
Good,77,347,5,172,18,0,0,100,-7,7,8,18,1,6,-8,0,0,32,-8,5,1,1,75
Good,83,257,5,68,22,0,0,100,-7,7,8,22,2,41,1,2,2,2,60,3,6,0,64
Bad,76,107,30,57,5,0,0,83,14,6,6,6,0,50,0,0,0,30,-8,1,2,0,100
Bad,55,241,5,89,11,3,2,71,2,4,3,14,1,64,0,1,1,78,75,3,2,1,83
Bad,93,399,27,174,5,0,0,100,-7,7,8,5,0,0,2,1,1,0,-8,0,-8,0,0
Bad,64,139,22,109,3,2,1,80,7,3,5,5,0,60,0,2,2,-8,-8,-8,1,-8,100
Bad,63,121,4,66,13,1,1,75,4,0,2,7,2,38,-7,2,2,0,72,3,2,1,75
Bad,-9,-9,-9,-9,-9,-9,-9,-9,-9,-9,-9,-9,-9,-9,-9,-9,-9,-9,-9,-9,-9,-9,-9
Bad,76,88,2,25,11,0,0,100,-7,7,8,13,7,54,-7,3,3,0,88,0,4,0,40
Good,78,215,1,91,14,0,0,100,-7,7,8,15,1,33,0,1,1,62,-8,1,1,1,67
Good,87,155,4,70,35,0,0,100,-7,7,8,36,1,19,0,0,0,2,-8,2,1,0,20
Bad,59,136,15,56,39,1,1,100,-7,0,8,42,0,12,0,0,0,48,-8,16,1,10,59
Bad,65,82,1,43,25,2,1,97,70,6,5,30,3,33,2,4,4,33,53,2,8,1,56
Bad,72,84,7,45,21,0,0,95,25,6,6,22,3,50,0,0,0,6,72,6,3,0,69
Good,66,311,9,84,32,1,1,100,-7,7,8,33,3,39,-7,0,0,48,64,9,5,1,74
Good,86,269,5,80,25,0,0,100,-7,7,8,25,1,16,4,1,1,2,-8,3,1,0,27
Good,73,161,4,73,43,1,1,84,31,6,4,44,1,20,0,8,8,30,91,5,3,1,35
Bad,64,246,16,106,5,3,3,88,57,6,3,8,0,88,-7,1,1,-8,144,-8,4,-8,100
Good,-9,-9,-9,-9,-9,-9,-9,-9,-9,-9,-9,-9,-9,-9,-9,-9,-9,-9,-9,-9,-9,-9,-9
Bad,88,163,11,87,9,0,0,90,-8,6,6,10,1,20,0,0,0,2,-8,2,-8,0,40
Bad,56,151,19,78,38,2,2,90,7,4,3,42,0,67,1,3,3,86,59,5,3,1,100
Bad,-9,-9,-9,-9,-9,-9,-9,-9,-9,-9,-9,-9,-9,-9,-9,-9,-9,-9,-9,-9,-9,-9,-9
Good,-9,-9,-9,-9,-9,-9,-9,-9,-9,-9,-9,-9,-9,-9,-9,-9,-9,-9,-9,-9,-9,-9,-9
Good,92,343,14,154,18,0,0,100,-7,7,8,18,0,28,-8,0,0,3,-8,3,-8,0,38
Bad,82,324,43,137,9,0,0,90,79,6,6,10,0,20,0,2,2,2,-8,1,-8,0,25
Good,67,159,6,96,8,1,1,89,-8,6,6,9,2,22,0,10,10,77,-8,5,-8,0,71
Bad,77,154,3,55,31,0,0,100,-7,7,8,32,6,63,2,2,1,26,74,5,14,0,86
Good,84,200,12,69,18,0,0,100,-7,7,8,18,0,39,13,0,0,1,86,2,2,0,40
Good,66,173,8,58,17,2,1,85,2,0,2,20,4,45,0,0,0,7,68,3,2,0,75
Bad,70,115,3,124,30,1,1,94,8,0,2,8,2,23,3,4,4,39,77,6,2,2,53
Bad,75,175,2,70,13,1,0,93,51,6,2,15,1,53,0,1,1,57,79,1,3,-8,57
Good,69,180,2,99,27,0,0,100,-7,7,8,19,1,20,2,3,3,81,-8,5,1,3,78
Bad,83,144,18,68,13,0,0,100,-7,7,8,13,0,23,0,0,0,3,-8,3,-8,0,100
Good,66,256,9,76,32,0,0,97,16,6,6,33,1,30,0,0,0,34,60,6,3,3,45
Good,65,256,15,52,17,0,0,100,-7,7,8,19,0,29,2,5,5,57,79,2,4,2,60
Good,90,152,28,107,3,0,0,100,-7,7,8,3,0,67,13,0,0,0,5,0,1,0,50
Bad,81,598,4,205,37,0,0,100,-7,7,8,37,2,22,0,1,1,28,7,7,4,1,50
Bad,55,171,10,65,52,1,1,98,1,4,6,54,1,69,1,2,2,83,56,6,12,2,90
Bad,75,177,4,99,38,0,0,97,2,4,6,38,2,32,-7,0,0,13,100,6,2,1,50
Good,84,158,13,74,14,0,0,100,-7,7,8,16,0,63,0,1,1,16,82,2,3,0,71
Good,84,313,6,103,25,0,0,100,-7,7,8,25,2,24,11,0,0,10,92,4,3,0,70
Bad,81,299,3,68,38,0,0,95,13,6,6,36,2,50,0,1,1,6,37,2,7,0,47
Good,83,167,16,69,38,1,0,98,66,6,5,40,0,40,-8,0,0,9,-8,3,1,0,36
Good,-9,-9,-9,-9,-9,-9,-9,-9,-9,-9,-9,-9,-9,-9,-9,-9,-9,-9,-9,-9,-9,-9,-9
Bad,74,343,6,93,34,0,0,97,15,6,6,44,3,35,0,3,3,2,73,5,3,1,42
Good,89,265,30,129,17,0,0,100,-7,7,8,17,0,12,0,1,0,9,-8,5,1,0,50
Bad,55,144,4,84,20,3,0,83,2,3,5,23,1,43,0,0,0,33,-8,8,1,1,69
Bad,72,164,2,67,38,0,0,100,-7,7,8,42,8,19,-7,1,1,55,-8,7,-8,3,67
Good,86,191,7,80,25,0,0,100,-7,7,8,26,3,50,1,2,2,16,98,1,1,0,50
Good,75,222,2,124,23,2,2,92,62,6,2,25,2,24,0,0,0,30,57,4,2,1,40
Good,72,224,23,91,23,1,0,96,49,6,5,24,0,29,0,0,0,48,60,3,2,0,56
Good,81,190,6,84,21,0,0,100,-7,7,8,21,2,29,7,0,0,8,91,5,2,0,88
Bad,90,69,65,189,11,0,0,100,-7,7,8,7,0,18,-8,0,0,0,-8,2,1,0,60
Bad,63,246,5,113,10,0,0,90,5,4,6,10,1,20,6,0,0,97,-8,5,1,4,86
Good,82,180,37,106,16,0,0,94,35,6,6,16,0,13,0,2,2,3,-8,2,1,0,38
Good,70,206,19,75,17,0,0,100,-7,7,8,18,0,28,0,1,1,58,-8,4,1,3,60
Bad,72,335,8,79,26,1,1,100,-7,0,8,19,1,35,-7,1,1,26,68,4,2,1,50
Bad,58,33,5,18,12,0,0,100,-7,7,8,12,4,50,0,1,1,96,68,5,5,4,91
Good,83,187,2,75,30,0,0,100,-7,7,8,32,1,45,2,1,1,5,84,1,5,0,55
Good,85,220,1,87,20,0,0,100,-7,7,8,18,3,19,-7,3,3,8,67,3,3,0,50
Bad,68,68,10,33,16,0,0,100,-7,7,8,16,2,13,0,2,2,53,58,5,2,3,64
Bad,80,40,40,40,1,0,0,100,-7,7,8,1,0,0,-8,0,0,27,-8,1,-8,-8,100
Good,80,208,12,76,30,1,0,97,23,6,5,31,0,13,0,0,0,1,71,5,2,0,35
Good,72,202,2,62,28,0,0,83,7,4,6,30,3,24,2,2,2,6,63,2,2,0,33
Good,74,378,7,110,41,0,0,98,35,6,6,42,4,57,0,0,0,44,76,4,5,2,69
Good,90,184,71,106,4,0,0,100,-7,7,8,4,0,50,0,0,0,0,-8,0,1,0,50
Bad,60,101,8,34,20,1,0,81,8,4,5,21,2,67,0,0,0,30,89,1,8,1,82
Good,86,467,10,123,25,0,0,96,17,6,6,26,1,31,9,0,0,3,34,4,1,0,50
Good,81,181,5,62,24,0,0,100,-7,7,8,25,3,25,22,0,0,17,2,3,2,0,56
Bad,65,94,6,43,31,2,1,91,38,6,5,36,5,42,0,0,0,18,88,5,3,0,50
Bad,73,-8,1,104,12,1,0,93,5,3,5,0,1,43,-7,1,1,0,100,1,2,0,50
Good,72,135,10,67,25,1,1,92,29,6,2,32,2,31,-7,1,1,5,-8,2,1,0,33
Bad,80,262,0,72,22,0,0,100,-7,7,8,24,1,17,0,1,1,20,74,5,1,2,38
Good,75,159,10,58,9,1,1,91,66,6,3,11,1,9,0,3,3,15,-8,2,1,0,63
Bad,77,212,13,80,18,0,0,100,-7,7,8,27,0,28,0,2,2,36,-8,8,1,1,91
Bad,69,155,3,52,31,0,0,100,-7,7,8,31,1,29,-7,2,2,51,98,3,3,2,46
Good,58,128,12,61,29,0,0,97,5,4,6,29,0,45,-7,2,2,37,76,6,8,2,82
Good,83,293,12,109,22,1,1,96,26,6,4,17,0,35,12,0,0,0,62,1,2,-8,44
Bad,58,210,14,87,23,0,0,70,1,4,6,23,0,35,0,1,1,53,5,6,3,2,77
Bad,81,190,8,82,22,0,0,95,-8,6,6,22,3,27,0,0,0,17,49,2,2,0,44
Bad,70,83,3,40,26,4,2,80,10,4,4,30,3,33,-7,0,0,3,89,2,4,0,58
Good,91,197,47,104,18,0,0,100,-7,7,8,18,0,11,-8,0,0,3,-8,2,-8,0,20
Bad,-9,-9,-9,-9,-9,-9,-9,-9,-9,-9,-9,-9,-9,-9,-9,-9,-9,-9,-9,-9,-9,-9,-9
Good,70,118,7,45,17,0,0,88,11,4,6,17,4,35,0,0,0,15,-8,1,1,0,29
Bad,63,217,1,100,31,2,2,100,-7,6,8,33,2,21,1,3,3,75,92,13,3,7,94
Bad,57,123,13,57,5,6,6,71,29,6,2,8,0,29,0,2,2,100,-8,1,1,1,100
Good,71,-8,2,71,20,0,0,92,16,6,6,26,5,42,2,2,2,37,-8,4,1,0,63
Bad,-9,-9,-9,-9,-9,-9,-9,-9,-9,-9,-9,-9,-9,-9,-9,-9,-9,-9,-9,-9,-9,-9,-9
Bad,84,215,8,73,25,1,0,93,38,6,5,27,1,41,20,0,0,0,-8,0,-8,0,17
Bad,70,74,9,47,16,0,0,100,-7,7,8,16,1,50,1,4,4,44,73,4,2,2,67
Bad,66,87,13,38,14,1,1,93,29,6,6,16,0,67,0,0,0,48,75,2,3,1,83
Good,76,146,12,54,13,0,0,100,-7,7,8,14,0,36,0,0,0,48,49,2,3,0,100
Good,71,208,20,83,25,0,0,85,13,6,6,26,0,35,0,1,1,10,65,3,2,1,45
Bad,43,165,15,80,20,6,4,61,1,3,3,28,0,11,2,2,2,93,-8,15,-8,7,100
Good,87,138,6,89,13,0,0,100,-7,7,8,17,1,41,6,0,0,8,-8,2,1,0,75
Bad,65,369,25,145,40,3,3,91,19,6,2,45,0,36,0,2,2,83,46,13,4,6,89
Bad,68,116,1,51,20,0,0,100,-7,7,8,21,2,24,0,2,2,50,-8,6,1,2,64
Bad,68,196,2,36,25,0,0,100,-7,7,8,20,7,14,-7,2,2,41,69,11,4,2,75
Good,83,171,2,77,12,0,0,92,55,6,6,14,1,31,-8,0,0,12,78,2,2,0,80
Bad,-9,-9,-9,-9,-9,-9,-9,-9,-9,-9,-9,-9,-9,-9,-9,-9,-9,-9,-9,-9,-9,-9,-9
Bad,68,132,5,43,13,0,0,100,-7,7,8,13,2,15,0,2,1,72,-8,8,1,4,82
Bad,66,113,2,65,21,1,0,96,31,6,5,23,2,35,6,0,0,66,96,6,5,3,86
Bad,68,88,15,49,15,1,1,100,-7,7,8,15,0,47,-7,0,0,87,83,3,3,0,100
Bad,73,134,1,33,3,1,1,86,29,6,3,7,3,29,0,2,2,5,-8,2,1,1,75
Good,77,242,15,97,23,0,0,100,-7,7,8,23,0,4,0,0,0,44,-8,5,1,2,50
Bad,67,325,13,106,12,0,0,62,1,4,6,33,0,38,-7,0,0,92,14,2,2,-8,80
Bad,62,118,6,56,13,1,1,73,5,4,6,16,1,33,0,1,1,39,18,2,2,0,80
Bad,-9,-9,-9,-9,-9,-9,-9,-9,-9,-9,-9,-9,-9,-9,-9,-9,-9,-9,-9,-9,-9,-9,-9
Bad,60,163,2,57,43,1,0,96,22,6,5,47,11,44,0,8,8,35,62,7,1,1,47
Good,86,191,7,82,27,0,0,100,-7,7,8,28,1,22,7,0,0,0,-8,0,1,0,8
Bad,62,163,11,53,22,0,0,87,23,6,6,23,1,39,0,0,0,68,92,6,2,3,89
Good,74,191,4,66,37,0,0,97,13,6,6,26,1,57,-7,0,0,33,83,4,6,0,63
Bad,86,294,9,118,16,0,0,100,-7,7,8,16,1,19,0,0,0,18,-8,2,2,0,44
Good,80,234,0,62,27,0,0,100,-7,7,8,35,4,26,0,3,3,22,-8,4,1,2,38
Bad,58,129,2,23,21,0,0,100,-7,7,8,23,7,36,-7,4,2,74,74,8,4,2,93
Good,72,403,31,180,23,0,0,87,56,6,6,23,0,17,0,1,1,53,-8,9,1,3,83
Bad,71,-8,6,37,2,0,0,100,-7,7,8,0,1,50,-7,1,1,-8,-8,-8,1,-8,100
Bad,60,159,2,36,27,0,0,96,4,4,6,28,6,36,-7,2,2,58,55,13,3,2,100
Bad,61,102,8,57,5,2,1,71,23,6,3,7,2,14,0,0,0,97,-8,3,1,1,80
Good,66,93,1,49,24,1,1,81,38,6,2,27,4,19,0,0,0,47,57,3,3,1,64
Bad,77,123,2,46,16,0,0,100,-7,7,8,17,5,47,-7,2,2,18,87,3,4,-8,64
Bad,61,206,5,89,30,0,0,90,34,6,6,30,2,20,0,1,1,61,28,10,2,5,72
Good,85,207,3,63,21,0,0,100,-7,7,8,21,1,29,4,1,1,9,70,3,2,0,45
Bad,57,212,2,87,29,1,1,94,61,5,6,32,4,47,0,5,5,57,69,6,2,2,73
Bad,66,59,10,34,4,0,0,100,-7,7,8,4,2,75,0,5,5,89,74,1,2,-8,100
Bad,59,220,2,70,29,0,0,97,4,4,6,30,2,47,0,0,0,55,89,4,3,3,70
Bad,64,141,1,29,23,1,1,96,39,6,2,26,7,12,1,7,7,34,87,10,2,0,82
Bad,73,213,1,149,15,0,0,89,18,6,6,18,2,28,-7,0,0,58,-8,5,-8,1,63
Bad,73,159,7,60,16,0,0,94,15,6,6,16,3,44,-7,0,0,72,94,5,2,0,100
Bad,65,106,5,42,11,1,0,92,22,6,5,13,3,31,0,2,2,60,-8,4,1,1,83
Good,65,184,7,77,24,2,2,88,4,4,2,27,1,46,0,2,2,19,80,1,3,0,44
Bad,55,156,5,65,59,1,1,98,2,4,6,59,5,36,1,12,11,44,91,7,5,1,92
Bad,57,206,1,84,53,1,1,94,61,0,6,83,1,31,1,2,2,60,97,11,3,3,75
Good,80,124,10,54,17,1,0,94,69,6,5,18,1,44,0,2,1,28,62,2,3,0,63
Bad,84,394,3,134,26,0,0,96,16,6,6,27,3,56,0,1,1,7,80,5,3,0,73
Bad,60,79,6,32,18,0,0,100,-7,7,8,19,6,26,0,4,4,20,100,6,2,1,57
Good,68,110,9,41,32,0,0,100,-7,7,8,32,1,25,0,1,1,92,65,3,2,2,71
Bad,71,164,10,81,12,0,0,100,-7,7,8,12,1,33,0,1,0,83,40,5,2,2,78
Bad,-9,-9,-9,-9,-9,-9,-9,-9,-9,-9,-9,-9,-9,-9,-9,-9,-9,-9,-9,-9,-9,-9,-9
Bad,63,177,6,116,28,0,0,87,2,4,6,29,2,50,0,9,9,52,40,3,9,0,72
Bad,-9,-9,-9,-9,-9,-9,-9,-9,-9,-9,-9,-9,-9,-9,-9,-9,-9,-9,-9,-9,-9,-9,-9
Good,65,521,10,159,36,0,0,90,3,4,6,39,1,41,0,0,0,19,85,7,2,0,64
Bad,67,299,2,79,25,0,0,89,15,5,6,27,3,37,0,12,11,63,63,13,3,4,94
Good,75,69,1,39,16,0,0,100,-7,7,8,18,4,17,0,2,2,21,-8,4,1,0,50
Good,66,130,2,44,12,0,0,92,4,4,6,13,1,23,0,1,1,32,52,5,2,1,70
Good,79,197,17,100,15,0,0,93,29,6,6,15,0,40,5,1,1,48,26,1,2,1,75
Bad,67,189,13,111,8,4,4,70,68,6,3,10,0,50,0,1,1,97,-8,1,1,1,100
Bad,70,166,26,94,17,2,1,89,36,6,3,12,0,16,3,1,1,58,-8,8,1,1,82
Bad,64,129,50,80,11,1,1,88,21,6,6,18,0,59,0,0,0,85,-8,2,-8,0,75
Good,80,248,9,141,27,0,0,100,-7,7,8,30,1,30,-7,1,1,23,91,2,3,1,56
Good,69,216,36,82,15,1,1,93,24,6,6,15,0,33,-8,0,0,51,-8,8,1,0,100
Good,67,203,45,144,12,1,1,86,2,0,2,23,0,36,-7,0,0,76,90,3,2,0,83
Good,73,192,6,74,27,0,0,100,-7,7,8,27,1,41,0,1,1,24,-8,6,4,2,59
Good,70,193,2,57,22,0,0,100,-7,7,8,23,2,22,18,0,0,53,80,6,4,1,63
Bad,74,462,1,58,15,0,0,100,-7,7,8,45,6,17,0,2,2,18,-8,6,-8,2,67
Good,79,135,25,93,28,0,0,96,45,6,6,24,0,50,-7,0,0,13,66,1,4,0,45
Bad,60,313,2,78,27,4,1,76,9,4,3,33,4,36,0,5,5,42,30,6,2,1,73
Good,-9,-9,-9,-9,-9,-9,-9,-9,-9,-9,-9,-9,-9,-9,-9,-9,-9,-9,-9,-9,-9,-9,-9
Good,72,140,3,80,27,0,0,96,66,6,6,27,3,44,-7,0,0,22,39,5,4,1,75
Bad,56,58,33,46,2,0,0,50,2,4,6,2,0,100,0,6,6,-8,-8,-8,1,-8,100
Bad,78,191,16,100,10,2,2,91,55,6,2,11,0,45,0,0,0,5,-8,2,1,0,75
Bad,65,155,3,62,39,0,0,80,26,6,6,40,7,48,4,1,1,45,66,4,5,1,71
Good,65,116,1,58,24,1,1,100,-7,7,8,38,6,59,0,7,7,35,78,3,7,2,71
Good,75,97,0,43,28,0,0,100,-7,6,8,30,4,67,0,5,5,48,79,3,5,1,89
Bad,77,166,5,50,9,0,0,100,-7,7,8,40,2,33,-7,1,1,56,96,3,3,1,100
Good,65,165,3,53,27,2,1,86,61,6,4,35,5,41,-7,6,6,31,60,6,3,1,69
Bad,70,132,1,41,21,0,0,100,-7,7,8,23,9,22,-7,3,3,50,99,3,1,1,50
Bad,72,209,2,95,41,0,0,100,-7,7,8,42,3,38,0,1,1,42,-8,7,2,2,82
Good,89,209,1,96,22,0,0,100,-7,7,8,26,3,38,5,1,1,18,59,2,3,0,71
Good,90,414,8,102,22,0,0,100,-7,7,8,22,1,36,8,0,0,0,93,1,2,0,33
Good,77,129,15,66,19,0,0,95,48,6,6,19,0,47,14,0,0,40,29,2,2,0,80
Good,61,113,20,54,3,5,5,50,29,5,2,6,0,67,-7,0,0,-8,10,-8,2,-8,100
Good,71,-8,9,46,15,0,0,88,21,6,6,16,3,44,8,0,0,32,89,3,2,0,63
Bad,56,165,1,71,1,6,5,75,34,6,5,9,2,50,0,3,3,0,-8,0,1,0,67
Good,80,360,2,114,27,0,0,97,25,6,6,29,2,62,0,1,1,10,100,3,2,2,63
Good,80,138,44,97,26,0,0,100,-7,7,8,34,0,62,6,0,0,8,-8,1,1,0,33
Bad,63,177,9,97,15,0,0,67,5,4,6,6,1,27,0,2,2,60,92,2,2,2,67
Good,58,78,4,46,18,0,0,95,23,6,6,19,3,16,-7,2,2,87,-8,11,1,5,80
Good,91,429,59,161,9,0,0,100,-7,7,8,9,0,11,-8,0,0,9,-8,2,-8,0,50
Good,77,171,2,73,23,0,0,100,-7,7,8,24,2,29,2,5,5,19,25,3,2,0,50
Bad,79,130,5,71,31,0,0,100,-7,7,8,32,2,55,0,2,2,32,88,2,7,0,75
Good,67,125,6,57,19,2,0,81,12,6,5,22,4,19,23,1,0,16,48,3,3,0,55
Bad,69,41,15,33,5,0,0,89,28,6,6,9,0,100,0,1,1,-8,50,-8,2,-8,100
Bad,-9,-9,-9,-9,-9,-9,-9,-9,-9,-9,-9,-9,-9,-9,-9,-9,-9,-9,-9,-9,-9,-9,-9
Good,78,249,7,86,37,0,0,100,-7,7,8,54,5,42,2,4,4,41,84,4,6,0,79
Good,86,217,29,116,21,0,0,100,-7,7,8,19,0,14,-8,0,0,20,46,4,1,0,71
Good,75,162,8,93,18,1,1,95,25,6,2,19,1,26,0,0,0,19,82,4,3,0,78
Bad,64,-8,6,65,31,1,1,88,3,2,4,0,2,44,6,1,0,28,87,6,5,1,65
Bad,59,312,1,22,20,1,1,100,-7,0,8,10,7,36,2,2,2,16,78,6,3,0,77
Bad,75,113,97,105,2,0,0,100,-7,7,8,2,0,0,0,0,0,101,-8,2,-8,1,100
Bad,71,162,11,51,13,0,0,92,13,6,6,13,1,15,0,0,0,51,-8,3,1,1,50
Bad,58,183,11,36,30,0,0,100,-7,7,8,32,3,17,-7,8,7,87,-8,15,2,10,81
Bad,72,141,1,66,10,0,0,83,15,6,6,12,2,25,0,1,1,49,94,2,1,1,33
Bad,-9,-9,-9,-9,-9,-9,-9,-9,-9,-9,-9,-9,-9,-9,-9,-9,-9,-9,-9,-9,-9,-9,-9
Good,64,240,4,83,33,0,0,94,48,6,6,37,1,58,-7,1,1,62,80,6,4,2,77
Bad,-9,-9,-9,-9,-9,-9,-9,-9,-9,-9,-9,-9,-9,-9,-9,-9,-9,-9,-9,-9,-9,-9,-9
Bad,65,75,10,32,16,0,0,88,2,4,6,16,2,25,4,2,2,37,83,7,2,0,69
Bad,76,325,6,79,20,0,0,95,11,4,6,20,1,45,0,3,2,3,64,2,4,0,80
Bad,76,132,5,54,24,0,0,96,80,6,6,24,3,17,-7,1,1,15,91,4,2,1,75
Good,60,160,3,48,16,0,0,81,5,4,6,16,4,31,4,2,2,65,74,2,3,1,63
Good,67,106,3,44,15,1,1,88,7,4,2,17,1,38,0,5,5,0,85,1,4,0,56
Good,65,108,4,51,29,0,0,97,69,6,6,29,3,45,0,0,0,58,108,8,6,2,74
Good,64,231,2,62,28,1,1,97,22,6,2,30,2,23,1,2,2,63,55,9,1,4,56
Bad,72,79,2,26,13,0,0,100,-7,7,8,15,2,27,0,1,1,28,65,6,3,1,69
Good,65,165,2,43,25,0,0,100,-7,7,8,26,7,15,0,2,1,35,96,7,3,2,59
Good,-9,-9,-9,-9,-9,-9,-9,-9,-9,-9,-9,-9,-9,-9,-9,-9,-9,-9,-9,-9,-9,-9,-9
Bad,67,215,17,75,34,0,0,100,-7,7,8,34,0,50,-7,0,0,90,75,9,2,6,85
Bad,66,-8,6,59,31,0,0,100,-7,7,8,31,3,35,-7,0,0,60,70,5,4,2,82
Bad,55,89,18,45,13,2,2,87,2,0,2,15,0,13,0,0,0,37,-8,3,1,1,57
Bad,61,271,9,86,26,0,0,89,3,4,6,27,1,56,0,1,1,57,67,6,5,2,92
Bad,70,296,23,164,13,1,1,92,45,6,6,13,0,31,-7,1,0,39,2,3,2,1,63
Bad,68,353,1,131,10,7,2,50,20,6,4,20,1,40,0,2,2,27,-8,2,2,1,50
Good,82,96,5,47,16,0,0,100,-7,7,8,16,3,31,0,0,0,15,88,4,2,0,67
Bad,56,146,3,41,37,0,0,100,-7,7,8,41,4,24,4,1,1,75,75,15,2,5,90
Bad,77,179,11,60,20,0,0,90,51,6,6,20,1,25,0,2,2,23,78,1,1,1,18
Bad,63,-8,23,50,5,1,1,67,19,5,2,0,0,33,8,1,0,6,-8,2,1,-8,100
Bad,81,79,9,45,12,0,0,100,-7,7,8,16,2,44,0,0,0,7,82,3,2,0,56
Good,85,173,16,51,9,0,0,100,-7,7,8,28,0,0,0,1,1,13,-8,4,-8,0,80
Good,64,223,3,77,21,0,0,100,-7,7,8,21,1,10,0,6,6,93,-8,6,1,3,100
Good,85,149,8,63,15,0,0,100,-7,7,8,15,1,40,0,2,2,5,32,1,3,0,44
Good,72,186,4,83,22,1,1,80,12,6,3,26,1,16,4,1,1,68,27,4,2,2,50
Good,70,97,4,48,20,0,0,100,-7,7,8,20,4,50,-7,3,3,45,68,4,2,2,60
Bad,-9,-9,-9,-9,-9,-9,-9,-9,-9,-9,-9,-9,-9,-9,-9,-9,-9,-9,-9,-9,-9,-9,-9
Good,75,124,11,60,11,1,1,85,24,6,3,13,1,15,0,6,6,0,-8,1,1,0,38
Bad,-9,-9,-9,-9,-9,-9,-9,-9,-9,-9,-9,-9,-9,-9,-9,-9,-9,-9,-9,-9,-9,-9,-9
Good,63,154,7,75,26,0,0,88,10,4,6,26,3,27,2,1,1,69,-8,5,1,2,75
Bad,77,269,15,54,10,0,0,100,-7,7,8,11,0,60,0,1,1,27,75,2,2,1,80
Bad,56,125,4,47,10,0,0,83,3,4,6,12,1,17,0,1,1,85,-8,4,1,4,71
Bad,59,183,2,73,28,1,1,90,2,0,2,31,2,32,0,10,10,66,62,5,3,1,57
Bad,85,143,1,71,12,0,0,100,-7,7,8,13,3,23,1,1,1,12,100,2,2,0,50
Good,75,325,7,101,23,1,1,96,65,6,6,24,1,63,6,0,0,47,70,4,4,0,89
Good,-9,-9,-9,-9,-9,-9,-9,-9,-9,-9,-9,-9,-9,-9,-9,-9,-9,-9,-9,-9,-9,-9,-9
Bad,91,325,4,103,23,0,0,100,-7,7,8,26,2,77,3,1,1,4,58,2,5,0,64
Bad,-9,-9,-9,-9,-9,-9,-9,-9,-9,-9,-9,-9,-9,-9,-9,-9,-9,-9,-9,-9,-9,-9,-9
Good,80,265,2,92,40,0,0,95,33,6,6,42,2,38,0,1,1,7,100,4,6,1,71
Good,87,210,19,110,8,0,0,100,-7,7,8,10,0,50,18,0,0,19,-8,2,1,0,60
Bad,78,199,7,73,39,0,0,95,22,6,6,40,1,21,-7,1,0,15,19,2,5,1,50
Bad,82,192,8,88,17,0,0,94,81,6,6,17,1,35,-7,0,0,0,92,1,2,0,38
Good,88,225,6,112,23,0,0,96,18,6,6,22,2,22,-7,0,0,3,-8,3,-8,0,38
Good,68,110,5,48,14,0,0,71,23,6,6,14,1,43,0,1,1,30,78,3,2,1,83
Good,90,-8,1,119,19,0,0,95,-7,5,7,0,1,19,-8,0,0,7,24,3,2,0,56
Bad,64,79,3,38,16,0,0,100,-7,7,8,18,5,29,-7,8,8,53,99,5,1,1,86
Good,83,102,5,40,14,0,0,100,-7,7,8,15,6,14,0,1,1,8,-8,1,1,0,18
Bad,65,269,10,100,14,0,0,93,6,4,6,14,1,36,0,1,1,86,72,4,3,1,100
Good,86,235,7,111,20,0,0,100,-7,7,8,20,1,25,0,0,0,12,70,7,2,0,90
Bad,68,377,10,81,16,1,0,90,58,6,5,21,3,29,0,2,1,54,35,8,2,1,85
Good,87,441,7,114,20,0,0,100,-7,7,8,21,2,30,-7,3,3,3,50,2,1,1,33
Good,65,14,0,4,3,0,0,100,-7,7,8,6,5,33,-7,9,9,1,98,1,2,0,50
Bad,63,70,6,35,5,2,2,83,66,6,2,7,2,67,0,9,7,15,81,1,2,-8,100
Bad,82,133,14,88,9,0,0,100,-7,7,8,9,0,44,0,0,0,0,-8,0,1,-8,50
Bad,68,118,7,64,11,0,0,86,9,4,6,14,1,64,0,1,1,27,65,1,5,0,100
Good,91,342,42,130,14,0,0,100,-7,7,8,14,0,36,-8,0,0,3,-8,2,2,0,50
Bad,67,150,3,80,22,1,1,88,21,5,4,25,2,24,0,0,0,67,99,4,2,2,78
Good,76,109,10,50,14,0,0,100,-7,7,8,14,3,71,0,2,2,0,93,0,2,-8,40
Bad,70,167,2,61,19,0,0,70,11,4,6,20,2,35,0,1,1,4,76,3,3,0,70
Good,-9,-9,-9,-9,-9,-9,-9,-9,-9,-9,-9,-9,-9,-9,-9,-9,-9,-9,-9,-9,-9,-9,-9
Bad,74,390,0,81,24,1,1,93,7,0,2,27,3,44,0,1,1,26,87,2,2,0,40
Bad,65,111,19,63,23,1,1,92,25,6,2,25,0,64,0,4,4,72,114,1,8,0,90
Good,85,208,2,73,11,0,0,100,-7,7,8,13,2,38,1,2,2,19,-8,2,2,1,80
Bad,65,157,6,44,13,1,0,93,30,6,5,14,4,36,4,1,1,23,80,3,2,-8,67
Good,72,214,17,61,21,0,0,100,-7,7,8,21,0,33,0,0,0,66,66,7,2,2,64
Bad,66,322,17,102,28,0,0,100,-7,7,8,28,0,43,0,1,1,67,72,6,6,3,71
Good,87,133,11,88,14,0,0,100,-7,7,8,22,1,14,22,0,0,3,14,1,1,0,67
Bad,75,224,4,63,18,1,0,84,10,4,5,19,5,26,0,0,0,15,-8,4,1,1,56
Good,73,207,11,66,23,0,0,92,2,4,6,24,1,33,10,0,0,0,14,1,3,0,80
Bad,-9,-9,-9,-9,-9,-9,-9,-9,-9,-9,-9,-9,-9,-9,-9,-9,-9,-9,-9,-9,-9,-9,-9
Bad,61,21,4,9,9,0,0,100,-7,7,8,9,6,78,0,3,3,73,68,1,3,1,80
Good,72,257,3,124,13,2,2,93,80,6,6,14,1,36,3,1,1,27,81,1,1,0,100
Good,84,288,2,85,11,0,0,100,-7,7,8,13,1,38,17,1,0,20,-8,2,1,1,38
Bad,74,340,11,74,21,0,0,95,20,6,6,21,1,29,0,1,1,33,81,7,2,1,69
Bad,65,397,4,149,18,2,1,76,1,4,5,21,2,48,0,1,1,0,-8,1,1,0,67
Good,77,368,29,130,16,1,1,71,29,6,3,17,0,18,-8,0,0,12,31,4,1,0,50
Good,66,147,4,68,37,5,4,90,73,6,2,42,3,43,1,1,1,65,78,10,3,2,87
Good,81,151,19,82,21,1,0,95,-8,6,5,22,0,23,0,0,0,1,46,1,4,0,100
Bad,60,110,25,53,1,1,0,67,7,4,5,4,0,67,0,6,6,-8,-8,-8,-8,-8,-8
Bad,68,164,12,78,48,1,1,94,6,4,6,50,0,29,0,2,2,67,56,4,10,2,74
Good,65,121,16,68,21,0,0,95,14,6,6,21,0,24,-7,0,0,87,30,5,2,4,78
Good,87,321,8,96,40,0,0,100,-7,7,8,41,2,10,0,1,0,2,-8,8,1,0,38
Bad,76,168,12,63,21,1,1,88,66,6,4,24,0,54,19,0,0,48,67,3,6,0,69
Bad,71,85,4,50,48,0,0,100,-7,7,8,49,4,4,2,6,6,12,-8,7,1,1,27
Good,79,463,3,88,45,0,0,100,-7,7,8,46,5,20,3,1,1,12,98,3,2,0,56
Good,78,149,5,57,22,0,0,100,-7,7,8,22,3,27,0,1,1,16,96,4,3,0,73
Good,89,255,32,106,9,0,0,100,-7,7,8,9,0,22,0,1,1,2,-8,2,1,-8,100
Bad,64,173,2,77,7,0,0,100,-7,7,8,8,2,0,0,5,4,100,-8,3,-8,2,100
Bad,60,47,12,31,2,0,0,33,5,4,6,3,0,33,0,0,0,72,-8,1,-8,0,100
Bad,81,63,6,37,13,0,0,100,-7,7,8,13,2,31,-7,0,0,10,57,4,2,0,60
Good,71,236,1,69,19,0,0,91,2,4,6,22,3,50,1,4,3,18,-8,3,2,0,56
Bad,85,194,4,82,30,0,0,100,-7,7,8,34,1,26,2,2,2,4,-8,3,1,0,42
Bad,72,126,12,64,15,0,0,100,-7,5,8,15,0,47,0,2,2,77,69,4,2,2,75
Bad,76,333,7,144,25,0,0,100,-7,7,8,25,2,36,10,0,0,40,70,6,4,1,69
Bad,65,360,14,67,10,1,1,55,17,5,3,11,0,45,0,0,0,49,-8,2,1,-8,60
Bad,-9,-9,-9,-9,-9,-9,-9,-9,-9,-9,-9,-9,-9,-9,-9,-9,-9,-9,-9,-9,-9,-9,-9
Bad,84,341,11,100,11,0,0,100,-7,7,8,11,1,36,0,2,2,23,83,3,2,0,83
Bad,61,83,6,45,18,1,1,83,43,6,6,19,3,33,0,0,0,84,92,4,3,4,73
Bad,66,278,8,66,6,2,0,75,45,6,5,8,2,75,0,4,4,47,86,1,2,0,100
Good,76,381,5,120,18,1,1,89,40,6,3,19,2,42,-7,3,3,29,36,2,3,1,56
Bad,62,137,5,81,9,4,4,62,34,6,4,13,1,38,0,1,1,46,-8,2,1,1,100
Bad,65,330,1,113,17,2,2,89,25,6,6,21,2,16,0,1,1,54,100,5,1,2,78
Good,-9,-9,-9,-9,-9,-9,-9,-9,-9,-9,-9,-9,-9,-9,-9,-9,-9,-9,-9,-9,-9,-9,-9
Bad,70,283,6,92,10,1,1,100,-7,6,8,10,2,0,-7,0,0,44,-8,3,-8,0,75
Bad,77,278,0,73,15,0,0,94,38,6,6,16,2,31,0,0,0,22,-8,6,1,2,64
Bad,68,373,12,88,21,0,0,90,-8,5,6,21,0,19,0,4,4,50,-8,6,1,4,58
Bad,76,258,17,127,10,0,0,80,17,6,6,10,0,20,0,0,0,40,-8,1,1,1,22
Good,92,152,15,154,14,0,0,100,-7,7,8,15,0,47,-7,0,0,7,79,2,2,0,80
Bad,65,209,20,99,20,6,2,79,3,0,2,30,0,50,0,1,1,27,54,4,9,0,81
Bad,71,295,26,102,20,1,0,91,11,4,2,22,0,27,0,1,1,53,58,2,2,0,67
Bad,62,200,2,78,30,0,0,90,5,4,6,31,2,26,0,0,0,53,-8,6,1,0,54
Good,87,195,70,207,20,0,0,100,-7,7,8,21,0,29,-7,0,0,11,-8,2,-8,0,50
Good,78,299,3,102,26,0,0,90,14,6,6,31,1,35,0,0,0,7,38,2,2,0,45
Bad,55,258,8,51,28,0,0,93,4,4,6,22,2,38,-7,1,1,55,99,9,3,5,71
Good,76,284,7,92,13,1,1,93,66,6,3,15,1,43,4,1,1,27,20,1,3,0,100
Good,92,399,43,150,30,0,0,100,-7,7,8,30,0,3,-8,0,0,1,-8,4,1,0,33
Bad,71,128,3,68,12,1,1,85,27,6,3,13,3,23,0,0,0,80,99,6,2,1,80
Bad,61,184,7,55,4,2,2,67,3,0,2,6,1,67,0,0,0,14,74,1,3,0,100
Bad,72,63,3,38,5,0,0,100,-7,7,8,5,1,0,0,3,3,85,-8,4,-8,1,100
Good,59,247,4,92,31,4,3,97,44,6,5,33,3,21,2,4,3,53,-8,5,1,3,47
Bad,63,102,4,56,5,4,3,38,11,4,3,13,1,38,0,0,0,16,81,1,4,0,83
Bad,64,162,14,47,9,1,1,80,6,4,2,10,0,60,0,0,0,88,66,3,3,2,100
Good,74,202,19,81,32,0,0,97,36,6,6,32,0,44,-7,0,0,42,-8,3,2,0,71
Good,69,375,20,107,17,2,1,79,49,6,5,8,0,37,16,0,0,0,-8,0,2,0,50
Good,59,48,10,23,21,0,0,100,-7,7,8,22,2,43,1,3,2,52,87,5,4,3,75
Good,89,112,23,73,15,0,0,100,-7,7,8,15,0,40,-7,0,0,1,48,2,2,0,50
Bad,71,124,7,53,12,1,1,92,37,6,2,14,1,64,0,1,1,43,34,2,3,1,75
Bad,75,159,6,82,11,1,1,92,78,6,3,13,3,38,0,0,0,40,76,3,1,0,100
Good,77,174,10,98,19,0,0,100,-7,7,8,21,2,33,0,1,1,33,50,7,2,0,75
Good,77,390,6,103,30,0,0,100,-7,6,7,30,3,43,0,1,1,45,79,3,3,1,60
Bad,70,59,15,46,23,0,0,96,25,6,6,19,0,48,-8,0,0,63,51,5,1,2,100
Bad,66,46,6,26,10,0,0,100,-7,7,8,10,1,70,0,3,3,94,59,2,3,1,83
Bad,74,145,3,50,15,0,0,100,-7,7,8,15,2,33,0,1,1,46,-8,4,1,1,86
Good,83,283,6,75,26,0,0,100,-7,7,8,26,1,50,0,1,1,22,73,2,2,0,67
Bad,67,141,6,52,11,0,0,100,-7,7,8,12,3,67,0,1,1,91,96,3,2,1,100
Bad,91,454,89,173,9,0,0,100,-7,7,8,9,0,33,0,1,1,1,-8,1,-8,0,33
Good,75,264,7,89,54,0,0,98,24,6,6,55,1,36,0,1,1,33,55,5,4,1,67
Bad,77,199,18,64,22,0,0,96,22,6,6,24,0,46,0,0,0,0,54,1,4,0,63
Bad,82,190,12,56,11,0,0,100,-7,7,8,11,0,73,0,0,0,8,75,1,3,0,80
Bad,55,189,19,81,35,2,1,78,1,0,2,42,0,44,0,3,3,67,36,5,2,1,64
Bad,83,321,2,103,31,0,0,100,-7,7,8,35,4,20,5,1,1,33,97,9,3,0,71
Good,79,45,10,61,22,0,0,95,13,6,6,1,2,41,2,1,1,0,37,2,3,0,50
Good,70,266,23,107,23,0,0,100,-7,7,8,24,0,50,2,2,2,57,75,5,4,2,64
Good,-9,-9,-9,-9,-9,-9,-9,-9,-9,-9,-9,-9,-9,-9,-9,-9,-9,-9,-9,-9,-9,-9,-9
Bad,59,117,18,73,7,1,1,50,17,5,2,8,0,50,0,0,0,76,58,1,3,1,80
Good,83,151,4,62,10,0,0,100,-7,7,8,10,1,20,23,0,0,33,-8,3,1,0,67
Good,87,325,6,102,27,0,0,100,-7,7,8,27,3,41,0,1,1,1,72,7,5,0,71
Bad,68,53,10,24,13,2,2,100,-7,6,8,2,3,46,2,4,4,4,-8,3,1,0,57
Good,80,95,30,65,5,0,0,80,67,6,6,5,0,60,-8,0,0,2,57,1,1,0,67
Good,69,151,32,84,14,1,1,93,3,1,3,15,0,40,-8,1,0,1,21,1,2,0,75
Bad,59,179,11,40,28,0,0,100,-7,7,8,28,3,11,0,1,1,62,65,8,1,4,75
Bad,61,215,28,105,18,4,2,68,11,4,4,25,0,44,2,2,2,34,89,2,2,0,71
Good,73,354,7,86,26,0,0,100,-7,7,8,26,3,38,0,1,1,49,82,4,3,2,70
Good,89,143,11,103,27,0,0,100,-7,7,8,13,1,11,-7,0,0,0,-8,1,1,0,14
Bad,56,201,7,78,23,0,0,55,1,4,6,31,4,29,-7,4,4,68,-8,10,1,1,73
Bad,60,410,7,124,29,0,0,97,20,6,6,32,1,25,1,2,2,70,56,10,4,3,83
Bad,74,319,3,54,32,0,0,100,-7,7,8,32,4,31,0,4,4,69,33,6,3,2,90
Bad,-9,-9,-9,-9,-9,-9,-9,-9,-9,-9,-9,-9,-9,-9,-9,-9,-9,-9,-9,-9,-9,-9,-9
Bad,58,42,2,24,17,0,0,100,-7,7,8,18,2,50,0,7,7,90,74,5,5,1,100
Good,72,148,5,67,44,0,0,96,70,6,6,47,5,33,0,2,2,14,-8,5,5,0,73
Good,90,243,4,103,19,0,0,100,-7,7,8,20,3,30,-7,1,0,4,85,2,2,0,29
Good,70,-8,2,103,7,1,1,100,-7,6,8,0,2,25,-8,0,0,78,81,4,1,1,83
Good,64,107,9,54,28,0,0,93,6,4,6,20,1,29,0,2,2,45,27,5,2,3,44
Bad,61,172,24,80,4,1,0,43,7,4,5,7,0,14,0,2,2,91,-8,4,-8,3,80
Bad,91,286,15,133,10,0,0,100,-7,7,8,10,0,20,0,0,0,10,-8,2,-8,0,40
Bad,84,204,3,91,22,0,0,100,-7,7,8,22,1,32,0,2,2,70,85,3,3,2,55
Bad,69,301,3,79,19,0,0,79,13,6,6,20,2,47,3,2,2,33,45,3,3,0,100
Good,78,112,3,57,39,0,0,100,-7,7,8,41,2,33,2,3,2,5,87,3,3,0,67
Bad,61,178,7,70,26,0,0,89,4,4,6,27,2,52,-7,0,0,31,68,3,3,1,86
Good,77,150,5,55,25,0,0,100,-7,7,8,26,2,19,0,7,5,11,84,2,1,0,30
Good,74,254,15,66,39,0,0,95,8,4,6,74,0,38,7,1,1,6,41,6,4,1,53
Bad,90,211,6,102,17,0,0,100,-7,7,8,17,1,0,0,1,1,0,-8,0,-8,0,0
Bad,62,146,14,61,10,2,2,82,18,6,6,12,0,55,0,2,2,50,-8,4,1,2,100
Good,70,168,31,78,22,1,0,96,49,6,5,17,0,65,3,1,1,61,17,3,3,2,75
Good,79,200,5,86,26,0,0,100,-7,5,8,30,1,67,0,1,1,57,97,4,2,1,100
Bad,63,163,7,42,17,1,1,89,25,6,2,20,3,44,-7,0,0,58,87,4,4,2,100
Good,86,202,12,81,25,0,0,100,-7,7,8,6,0,28,-8,0,0,11,19,3,2,0,63
Good,86,292,5,114,20,0,0,100,-7,7,8,22,1,24,6,0,0,6,12,3,1,1,57
Bad,81,287,4,105,23,0,0,100,-7,7,8,25,2,40,0,2,2,52,88,3,4,1,70
Bad,69,265,25,106,10,0,0,67,18,6,6,13,0,15,1,2,2,42,-8,3,1,0,57
Good,89,277,4,87,25,0,0,100,-7,7,8,27,3,30,4,1,1,2,9,1,2,0,30
Bad,51,204,2,71,30,2,2,94,1,4,6,35,6,47,0,4,3,94,51,5,6,5,86
Bad,69,150,18,76,19,0,0,95,27,6,6,21,0,33,1,1,1,34,-8,1,1,1,67
Bad,65,340,2,81,49,0,0,89,5,4,6,56,3,25,0,9,8,6,86,9,5,1,56
Bad,91,215,31,104,15,0,0,100,-7,7,8,16,0,38,-8,0,0,0,-8,0,1,-8,25
Good,74,250,18,81,19,0,0,100,-7,7,8,20,0,20,0,1,1,69,54,6,3,2,69
Bad,67,-8,3,43,19,0,0,100,-7,7,8,22,2,27,14,0,0,53,41,6,4,3,71
Bad,-9,-9,-9,-9,-9,-9,-9,-9,-9,-9,-9,-9,-9,-9,-9,-9,-9,-9,-9,-9,-9,-9,-9
Bad,72,110,7,63,12,1,1,92,52,6,2,13,1,54,0,3,3,0,-8,0,1,-8,25
Good,67,284,5,84,44,0,0,100,-7,7,8,45,1,27,2,1,1,48,50,11,3,4,70
Bad,54,-8,32,61,9,1,1,78,1,0,6,9,0,56,-7,1,1,77,59,3,1,2,100
Bad,85,249,6,100,13,0,0,100,-7,7,8,15,1,47,0,2,2,29,75,1,3,0,80
Good,73,347,6,140,32,0,0,100,-7,7,8,32,1,9,-8,0,0,41,-8,15,1,6,74
Bad,73,188,2,83,18,1,1,95,29,6,2,22,1,27,0,11,11,30,-8,4,2,0,67
Good,83,155,6,65,9,0,0,100,-7,7,8,10,2,44,1,1,1,7,58,2,2,0,71
Bad,68,260,7,72,21,1,1,96,3,1,3,23,1,39,1,1,1,9,80,5,2,0,70
Bad,52,-8,4,42,22,4,2,92,38,6,5,26,2,24,-7,4,4,75,74,13,1,6,82
Bad,64,103,1,52,22,1,1,88,26,6,6,24,3,38,1,5,5,29,77,4,3,2,58
Good,-9,-9,-9,-9,-9,-9,-9,-9,-9,-9,-9,-9,-9,-9,-9,-9,-9,-9,-9,-9,-9,-9,-9
Bad,65,246,16,109,19,1,0,81,11,4,5,21,0,24,20,0,0,87,-8,3,2,3,100
Bad,72,-8,5,74,41,0,0,100,-7,7,8,47,1,57,-7,1,1,82,55,8,10,6,86
Good,81,273,9,101,11,1,0,77,24,6,5,13,1,15,0,0,0,20,-8,1,1,0,29
Good,82,191,9,77,31,0,0,90,22,6,6,31,1,16,0,1,1,7,82,4,1,0,42
Bad,66,398,13,129,14,1,0,81,2,4,5,16,0,13,0,0,0,32,-8,3,1,0,67
Good,77,148,27,96,13,0,0,100,-7,7,8,14,0,50,0,2,2,75,-8,1,1,0,100
Bad,59,389,9,74,42,0,0,83,1,4,6,47,2,32,0,2,2,63,81,9,3,2,68
Bad,-9,-9,-9,-9,-9,-9,-9,-9,-9,-9,-9,-9,-9,-9,-9,-9,-9,-9,-9,-9,-9,-9,-9
Bad,63,131,11,61,8,2,1,60,17,6,3,10,1,30,3,2,1,78,45,3,1,2,80
Good,81,155,4,55,28,0,0,100,-7,7,8,29,4,36,2,2,2,2,94,4,2,0,46
Bad,66,173,1,75,30,0,0,97,7,4,6,32,1,38,-7,1,0,43,100,6,1,1,70
Good,75,160,3,70,21,0,0,100,-7,7,8,21,3,33,3,5,5,0,-8,0,1,0,43
Bad,58,136,16,63,23,0,0,83,9,4,6,24,0,54,-7,0,0,75,84,3,2,2,83
Bad,63,203,4,78,40,0,0,98,63,6,6,42,4,55,-7,5,5,80,88,3,4,2,70
Bad,68,235,9,117,16,1,1,89,0,0,2,19,1,53,0,3,3,27,48,1,3,0,83
Good,83,150,9,64,27,0,0,100,-7,7,8,28,1,32,0,2,2,13,2,2,2,0,40
Good,78,150,6,63,37,0,0,100,-7,7,8,40,1,18,0,0,0,3,63,2,2,0,50
Bad,63,105,2,42,17,0,0,100,-7,7,8,18,6,33,0,3,3,73,98,8,2,3,83
Bad,-9,-9,-9,-9,-9,-9,-9,-9,-9,-9,-9,-9,-9,-9,-9,-9,-9,-9,-9,-9,-9,-9,-9
Good,75,288,10,132,36,0,0,100,-7,5,8,36,2,19,0,0,0,32,-8,11,1,2,62
Good,82,295,16,108,18,0,0,100,-7,7,8,18,0,39,0,0,0,36,47,2,2,1,40
Good,72,189,11,91,45,1,1,98,8,4,6,54,1,58,2,3,3,0,36,1,3,0,33
Good,66,143,6,72,14,2,1,83,23,6,2,18,2,28,0,2,2,76,-8,2,1,2,60
Bad,65,140,14,49,12,1,1,100,-7,6,8,12,0,58,0,0,0,66,-8,2,3,0,100
Good,65,212,11,75,21,2,1,87,22,6,5,23,1,43,19,0,0,71,64,8,3,3,86
Bad,62,166,1,48,43,0,0,100,-7,7,8,44,6,41,0,10,10,55,84,6,4,5,59
Bad,66,284,32,107,15,2,2,82,3,4,4,17,0,53,0,1,1,19,50,3,2,1,63
Good,72,280,2,97,54,0,0,100,-7,7,8,11,8,20,5,2,1,22,37,9,4,1,44
Bad,72,169,8,86,12,3,2,80,12,6,5,17,1,33,0,0,0,1,-8,1,1,0,40
Good,86,201,9,83,16,0,0,100,-7,7,8,16,1,19,0,0,0,5,60,2,1,0,60
Good,81,167,8,77,19,0,0,95,21,6,6,20,1,30,0,1,1,11,-8,1,1,0,40
Good,76,241,9,80,48,0,0,100,-7,5,8,49,2,20,0,2,2,22,-8,9,-8,1,37
Good,75,176,35,107,24,0,0,96,29,6,6,24,0,25,0,2,2,15,-8,4,2,0,60
Bad,64,261,5,62,27,2,0,76,2,4,5,39,3,28,-7,1,1,8,-8,2,2,1,40
Good,88,125,7,61,6,0,0,100,-7,7,8,6,1,50,14,0,0,0,86,0,2,0,40
Good,83,128,5,78,44,0,0,100,-7,7,8,44,1,14,2,1,1,8,85,7,2,0,36
Bad,84,146,12,80,22,0,0,95,46,6,6,22,0,0,1,2,2,0,-8,0,-8,0,0
Bad,82,153,9,54,18,0,0,100,-7,7,8,18,1,44,14,0,0,9,-8,2,1,0,38
Good,68,177,1,65,43,0,0,96,12,6,6,48,3,50,-7,2,2,19,25,5,5,1,71
Good,-9,-9,-9,-9,-9,-9,-9,-9,-9,-9,-9,-9,-9,-9,-9,-9,-9,-9,-9,-9,-9,-9,-9
Good,84,-8,6,117,53,0,0,100,-7,7,8,58,2,53,-7,0,0,9,13,6,2,1,73
Good,71,59,2,21,6,0,0,100,-7,7,8,8,4,50,1,2,2,44,95,2,2,0,67
Bad,-9,-9,-9,-9,-9,-9,-9,-9,-9,-9,-9,-9,-9,-9,-9,-9,-9,-9,-9,-9,-9,-9,-9
Bad,61,39,23,26,4,2,1,60,12,5,5,6,0,60,0,0,0,28,-8,1,1,0,67
Bad,54,316,30,132,8,10,6,47,4,3,3,19,0,47,5,0,0,38,60,2,2,0,57
Bad,66,174,2,59,7,1,1,90,-8,6,6,10,2,30,0,1,1,86,-8,2,-8,1,40
Good,73,219,2,82,28,0,0,93,13,6,6,29,2,14,1,1,1,28,-8,7,1,0,50
Bad,63,-8,2,51,11,2,2,88,1,0,2,16,4,50,-7,3,3,12,87,1,4,0,56
Good,89,180,6,82,27,0,0,100,-7,7,8,27,1,26,-8,0,0,0,-8,1,1,0,25
Good,66,131,13,83,4,4,4,67,67,6,2,41,0,33,-7,0,0,67,-8,2,1,0,100
Good,73,354,13,80,25,0,0,100,-7,7,8,25,0,8,15,0,0,36,-8,10,1,2,61
Bad,68,187,9,75,29,0,0,100,-7,7,8,29,1,41,0,1,1,89,72,3,3,2,75
Bad,70,131,6,64,12,1,0,57,25,6,5,14,3,50,4,1,1,3,67,1,2,-8,50
Bad,68,134,4,54,24,0,0,100,-7,7,8,24,5,50,-7,2,2,50,91,3,7,1,83
Good,92,421,42,161,17,0,0,100,-7,7,8,19,0,42,0,0,0,0,-8,1,-8,0,50
Bad,61,125,12,48,30,0,0,97,38,6,6,30,0,43,0,3,3,47,68,5,4,2,69
Bad,-9,-9,-9,-9,-9,-9,-9,-9,-9,-9,-9,-9,-9,-9,-9,-9,-9,-9,-9,-9,-9,-9,-9
Good,72,145,7,57,45,0,0,100,-7,7,8,72,2,74,7,0,0,34,97,4,12,0,73
Bad,56,300,13,86,29,1,0,78,1,4,5,32,0,56,0,0,0,42,76,5,5,3,71
Good,-9,-9,-9,-9,-9,-9,-9,-9,-9,-9,-9,-9,-9,-9,-9,-9,-9,-9,-9,-9,-9,-9,-9
Bad,66,410,14,151,22,1,1,100,-7,6,8,22,0,18,3,1,1,69,-8,10,2,5,71
Bad,70,187,2,92,32,0,0,97,19,6,6,11,4,29,1,4,4,47,101,8,2,3,63
Bad,56,266,2,94,29,0,0,100,-7,7,8,30,1,17,0,2,2,76,6,14,2,7,67
Good,70,320,4,65,31,0,0,100,-7,7,8,28,4,29,-7,4,4,32,76,4,3,1,47
Bad,71,100,3,44,11,0,0,77,3,4,6,13,3,54,-7,2,2,2,50,1,2,-8,60
Good,87,221,5,52,29,0,0,100,-7,7,8,29,2,14,4,1,1,2,61,2,3,0,31
Good,82,132,5,55,18,0,0,100,-7,7,8,19,2,47,0,0,0,21,55,1,4,-8,63
Good,84,128,7,81,13,0,0,100,-7,7,8,14,1,7,0,3,3,0,93,1,1,0,33
Bad,64,194,8,76,24,1,1,88,9,4,2,26,2,48,-7,0,0,69,77,7,6,6,76
Bad,70,172,19,85,29,0,0,100,-7,7,8,31,0,16,0,1,1,65,-8,9,1,3,77
Bad,62,69,5,24,8,1,1,89,33,6,6,9,3,33,1,2,2,92,-8,4,-8,3,67
Bad,68,460,2,162,28,2,1,90,40,0,5,31,2,27,2,1,1,25,75,6,4,0,61
Bad,88,279,3,75,28,0,0,100,-7,7,8,29,2,24,2,2,2,6,41,3,3,0,40
Bad,61,128,4,61,5,1,1,75,13,6,2,8,1,38,3,2,2,90,-8,1,1,1,100
Bad,70,213,19,107,33,1,0,97,19,6,5,54,0,15,0,2,2,32,27,4,2,3,44
Good,90,240,20,123,19,0,0,100,-7,7,8,21,0,19,-8,0,0,3,-8,2,1,0,50
Bad,60,198,12,46,7,3,2,90,40,6,5,12,0,20,0,1,0,37,-8,7,1,1,100
Good,82,144,3,84,22,0,0,100,-7,7,8,31,1,28,0,3,3,37,83,2,3,0,71
Bad,67,248,9,45,30,1,0,94,28,6,5,28,2,16,-7,0,0,40,77,6,4,1,45
Good,86,168,1,68,32,0,0,100,-7,7,8,47,5,30,4,2,2,5,-8,3,2,0,36
Good,63,77,2,71,24,1,1,96,37,6,6,14,1,43,2,1,1,43,78,6,8,2,79
Bad,58,381,3,77,23,3,2,76,8,0,2,25,2,28,-7,0,0,29,82,5,4,0,69
Good,86,206,18,100,18,0,0,100,-7,7,8,24,0,38,-7,2,2,0,-8,0,1,0,50
Good,84,245,5,103,17,0,0,100,-7,7,8,17,3,24,0,1,1,16,37,1,2,0,30
Bad,79,231,12,80,17,0,0,94,16,6,6,18,0,39,0,2,2,8,-8,4,1,1,50
Bad,57,159,3,63,23,2,0,80,9,4,5,25,3,64,3,3,3,44,90,5,1,1,86
Bad,60,-8,2,95,42,2,1,87,3,4,3,49,3,18,-7,8,8,44,60,7,3,1,48
Good,62,197,7,60,43,0,0,100,-7,7,8,54,1,44,-7,1,1,103,70,14,11,4,100
Good,72,160,1,69,40,0,0,96,8,4,6,48,4,58,9,0,0,21,76,4,11,0,88
Bad,57,35,7,16,10,0,0,100,-7,7,8,10,4,30,0,2,2,81,85,6,2,2,89
Bad,59,52,13,30,10,1,0,73,7,3,5,11,0,45,0,1,1,46,122,1,4,-8,56
Bad,78,96,1,35,12,0,0,100,-7,7,8,13,1,38,0,0,0,11,83,2,2,1,67
Good,87,177,10,82,9,0,0,100,-7,7,8,9,1,22,-8,0,0,4,3,2,1,0,75
Bad,78,161,6,70,18,0,0,90,14,6,6,20,1,30,0,0,0,1,67,3,3,0,64
Bad,84,213,13,114,27,0,0,100,-7,7,8,30,0,7,0,0,0,26,65,4,2,0,75
Good,74,155,9,89,43,0,0,100,-7,7,8,10,3,14,9,1,1,59,43,7,3,2,63
Good,74,77,1,35,15,0,0,100,-7,7,8,16,4,50,-7,0,0,47,72,4,3,1,88
Good,64,81,59,70,1,1,1,50,30,6,2,2,0,50,0,0,0,-8,-8,-8,1,-8,100
Good,87,294,8,93,35,0,0,100,-7,7,8,60,2,23,0,1,1,2,71,1,4,0,24
Good,81,99,1,54,35,0,0,100,-7,7,8,36,1,25,0,2,2,8,42,2,3,0,67
Good,74,192,9,77,28,0,0,100,-7,7,8,28,3,11,-7,0,0,26,-8,5,1,1,60
Good,71,179,6,107,37,0,0,97,53,6,6,12,1,35,2,3,1,38,93,7,3,2,56
Bad,73,69,24,42,7,0,0,100,-7,7,8,7,0,14,-7,1,0,54,37,5,1,1,86
Bad,61,135,2,52,15,0,0,94,51,6,6,17,2,29,0,1,1,11,-8,2,1,1,43
Good,75,248,5,53,24,0,0,100,-7,7,8,24,2,25,3,1,1,11,35,4,3,0,50
Good,66,60,25,115,34,1,0,97,0,3,5,2,0,29,-8,0,0,1,52,3,6,0,38
Good,84,146,57,83,10,0,0,100,-7,7,8,10,0,20,3,1,1,13,-8,1,-8,0,20
Bad,68,329,2,80,32,1,1,91,26,6,6,34,3,33,0,8,8,31,-8,7,1,2,57
Good,89,364,35,165,14,0,0,100,-7,7,8,14,0,36,3,1,1,6,48,2,3,0,67
Good,80,263,6,106,26,0,0,92,14,6,6,26,2,23,-8,0,0,14,17,4,2,1,54
Bad,55,116,3,53,12,3,1,75,64,6,2,16,2,38,0,2,2,97,73,6,4,4,100
Good,90,313,5,118,25,0,0,100,-7,7,8,27,1,42,22,0,0,2,69,3,3,0,50
Bad,55,63,5,39,21,1,1,86,6,4,6,22,3,38,0,3,3,31,79,6,3,1,92
Good,67,279,5,60,35,0,0,100,-7,7,8,36,4,43,2,2,2,93,90,1,4,-8,100
Good,90,170,12,94,16,0,0,100,-7,7,8,16,0,38,-8,0,0,8,-8,3,1,0,57
Good,68,375,8,65,25,0,0,100,-7,7,8,35,2,48,1,1,1,71,63,3,4,2,78
Bad,63,10,2,6,1,0,0,100,-7,7,8,2,2,50,0,8,8,64,-8,1,1,-8,100
Good,78,151,4,78,21,0,0,95,63,6,6,21,3,19,-8,0,0,14,89,5,2,1,70
Bad,57,164,7,62,16,1,1,72,2,4,3,19,2,47,0,1,1,67,62,5,2,3,100
Good,-9,-9,-9,-9,-9,-9,-9,-9,-9,-9,-9,-9,-9,-9,-9,-9,-9,-9,-9,-9,-9,-9,-9
Good,79,188,6,68,16,0,0,94,17,6,6,17,3,47,5,0,0,0,55,0,2,0,25
Bad,74,16,2,9,2,0,0,100,-7,7,8,3,2,33,0,3,3,8,83,2,1,0,100
Bad,62,-8,6,127,18,1,1,95,17,0,6,0,2,26,0,2,2,3,-8,4,1,0,50
Good,79,141,16,111,21,0,0,100,-7,7,8,14,0,33,0,2,2,14,79,4,2,1,78
Bad,63,103,4,32,13,1,1,100,-7,7,8,14,4,85,0,1,1,68,93,2,3,-8,100
Bad,73,126,12,61,11,0,0,100,-7,7,8,11,0,45,0,1,1,71,57,4,3,2,88
Good,89,385,6,94,15,0,0,100,-7,7,8,16,1,44,4,1,1,7,-8,2,1,0,100
Good,83,287,4,91,26,0,0,100,-7,7,8,27,3,42,1,1,1,11,71,3,2,0,58
Good,75,337,10,151,12,1,1,92,26,6,2,13,1,38,19,0,0,0,-8,0,-8,0,0
Bad,80,207,8,92,18,0,0,100,-7,7,8,18,1,50,9,0,0,28,75,3,3,1,60
Bad,65,502,1,71,78,1,1,99,15,6,6,100,19,15,0,6,6,10,90,10,3,1,38
Good,90,194,31,86,11,0,0,100,-7,7,8,11,0,27,-7,1,1,5,-8,3,1,0,57
Good,66,272,2,95,44,0,0,100,-7,7,8,49,3,29,0,4,4,63,64,16,4,6,80
Good,88,414,18,117,28,0,0,100,-7,7,8,28,0,18,0,0,0,1,92,1,2,0,60
Bad,81,261,5,62,25,0,0,100,-7,7,8,17,2,52,5,0,0,6,35,5,6,0,100
Bad,74,148,6,68,43,0,0,100,-7,7,8,26,3,11,-7,3,3,24,90,16,2,0,69
Good,74,213,8,103,23,1,1,100,-7,7,8,15,1,35,-7,1,0,16,-8,2,1,0,44
Bad,-9,-9,-9,-9,-9,-9,-9,-9,-9,-9,-9,-9,-9,-9,-9,-9,-9,-9,-9,-9,-9,-9,-9
Bad,54,51,11,34,7,2,2,63,3,4,2,9,1,33,0,1,1,86,88,3,1,0,100
Good,88,166,3,92,10,0,0,100,-7,7,8,10,1,40,0,2,2,0,96,0,1,0,25
Good,84,132,6,74,17,0,0,100,-7,7,8,17,1,41,-8,0,0,45,35,3,2,0,63
Bad,66,234,4,69,54,2,1,98,60,6,5,60,4,25,0,2,2,19,62,6,4,0,57
Bad,68,166,4,47,17,0,0,100,-7,7,8,18,2,11,0,0,0,78,-8,8,1,4,75
Bad,63,274,2,94,49,0,0,94,21,6,6,52,2,10,0,1,1,43,77,19,3,5,64
Good,84,132,5,50,22,0,0,100,-7,7,8,22,2,36,6,0,0,19,17,2,4,0,86
Good,68,219,18,127,20,1,0,91,4,3,5,23,0,14,4,1,1,21,91,4,3,1,88
Good,75,398,7,147,12,1,1,100,-7,6,8,14,2,17,6,0,0,0,97,1,1,0,18
Bad,-9,-9,-9,-9,-9,-9,-9,-9,-9,-9,-9,-9,-9,-9,-9,-9,-9,-9,-9,-9,-9,-9,-9
Bad,86,357,6,88,20,0,0,100,-7,7,8,20,3,30,6,0,0,2,-8,2,1,0,25
Bad,72,169,3,76,39,0,0,98,20,6,6,41,5,39,0,3,2,26,92,4,4,1,53
Bad,74,155,11,68,18,0,0,91,7,4,6,23,2,26,0,0,0,1,-8,3,1,0,36
Good,61,234,5,86,20,0,0,68,2,4,6,25,2,68,6,0,0,91,53,3,6,2,82
Bad,62,159,6,67,14,0,0,86,3,4,6,18,3,36,0,2,2,71,93,2,3,1,83
Bad,82,212,2,111,16,0,0,100,-7,7,8,28,2,56,2,1,1,33,92,4,3,0,88
Good,65,130,6,68,25,3,2,89,29,5,4,29,1,43,0,1,1,46,56,8,3,2,85
Bad,57,47,4,21,5,0,0,80,32,6,6,5,1,60,-7,3,3,97,84,2,3,1,100
Good,67,94,4,55,36,1,1,95,50,6,2,38,4,32,0,5,5,12,81,5,4,1,64
Bad,66,134,4,44,13,2,2,93,54,6,3,15,1,53,0,1,1,92,60,4,6,1,91
Good,76,195,3,67,32,0,0,100,-7,7,8,27,5,38,-7,2,2,27,87,6,4,0,91
Bad,61,123,39,63,10,0,0,73,3,4,6,11,0,36,-8,1,0,73,-8,1,1,1,33
Bad,59,-8,41,90,4,2,0,50,9,3,5,6,0,83,13,0,0,16,-8,1,1,0,100
Good,60,305,3,115,16,2,2,63,5,3,3,19,2,21,0,4,4,11,-8,4,1,0,73
Bad,64,232,4,91,36,3,2,93,22,6,3,40,6,60,0,2,2,55,92,8,4,3,100
Bad,73,139,6,43,14,0,0,100,-7,7,8,14,3,36,1,2,2,8,86,3,2,1,71
Good,70,217,3,88,29,1,1,93,24,6,6,31,6,50,-7,1,1,10,61,2,3,0,67
Good,85,225,0,78,42,0,0,100,-7,7,8,45,3,38,0,1,1,6,92,3,2,0,31
Bad,58,132,3,72,18,1,0,92,1,3,5,26,3,46,0,4,4,54,38,2,3,-8,63
Bad,59,142,18,50,14,2,1,80,10,4,5,16,0,50,0,1,1,82,48,3,3,1,78
Good,-9,-9,-9,-9,-9,-9,-9,-9,-9,-9,-9,-9,-9,-9,-9,-9,-9,-9,-9,-9,-9,-9,-9
Bad,65,181,5,58,21,0,0,91,0,4,6,23,1,52,5,1,1,40,88,4,3,2,64
Good,80,207,1,98,24,0,0,93,56,6,6,28,3,32,0,1,1,19,-8,6,-8,0,58
Good,65,63,4,19,8,0,0,88,36,6,6,13,5,25,-7,0,0,20,92,3,2,0,83
Good,75,154,6,72,28,0,0,100,-7,7,8,29,2,66,20,0,0,1,64,2,4,0,75
Good,71,151,1,69,33,0,0,100,-7,7,8,8,1,26,1,2,2,53,101,4,7,1,79
Good,80,186,4,83,29,0,0,100,-7,7,8,30,3,23,11,0,0,35,-8,5,1,1,50
Bad,75,248,1,103,14,0,0,88,3,4,6,16,1,13,0,1,1,2,-8,3,1,1,57
